rowid,zpid,Status Type,Status Text,Time On Zillow,Price,Area,Price Per Sqft,Zestimate,Zestimate Price Per Sqft,Rent Zestimate,Lot Area,Lot Area Unit,Beds,Bathrooms,Address,Street,City,Zipcode,Latitude,Longitude,Broker Name,Detail URL,Search Page URL
0,43811944,FOR_SALE,House for sale,,389900,1631,239,,,,7875,sqft,3,2,"1331 NW 50th St, Miami, FL 33142",1331 NW 50th St,Miami,33142,"25,821117","-80,21888","Elite Realty Partners, Inc.",https://www.zillow.com/homedetails/1331-NW-50th-St-Miami-FL-33142/43811944_zpid/,https://www.zillow.com/miami-fl/2_p/?searchQueryState=%7B%22mapBounds%22%3A%7B%22north%22%3A26.00085976696961%2C%22east%22%3A-79.93262584082031%2C%22south%22%3A25.404430408836117%2C%22west%22%3A-80.75522715917968%7D%2C%22isMapVisible%22%3Atrue%2C%22filterState%22%3A%7B%22sort%22%3A%7B%22value%22%3A%22globalrelevanceex%22%7D%2C%22ah%22%3A%7B%22value%22%3Atrue%7D%2C%22price%22%3A%7B%22min%22%3A200000%2C%22max%22%3A400000%7D%2C%22mp%22%3A%7B%22min%22%3A1007%2C%22max%22%3A2013%7D%7D%2C%22isListVisible%22%3Atrue%2C%22regionSelection%22%3A%5B%7B%22regionId%22%3A12700%2C%22regionType%22%3A6%7D%5D%2C%22pagination%22%3A%7B%22currentPage%22%3A2%7D%7D
1,44162667,FOR_SALE,House for sale,4 days ,350000,1924,182,334782,174,3599,6750,sqft,3,2,"2978 NW 28th St, Miami, FL 33142",2978 NW 28th St,Miami,33142,"25,8013","-80,24356",Sea Grove Realty,https://www.zillow.com/homedetails/2978-NW-28th-St-Miami-FL-33142/44162667_zpid/,https://www.zillow.com/miami-fl/2_p/?searchQueryState=%7B%22mapBounds%22%3A%7B%22north%22%3A26.00085976696961%2C%22east%22%3A-79.93262584082031%2C%22south%22%3A25.404430408836117%2C%22west%22%3A-80.75522715917968%7D%2C%22isMapVisible%22%3Atrue%2C%22filterState%22%3A%7B%22sort%22%3A%7B%22value%22%3A%22globalrelevanceex%22%7D%2C%22ah%22%3A%7B%22value%22%3Atrue%7D%2C%22price%22%3A%7B%22min%22%3A200000%2C%22max%22%3A400000%7D%2C%22mp%22%3A%7B%22min%22%3A1007%2C%22max%22%3A2013%7D%7D%2C%22isListVisible%22%3Atrue%2C%22regionSelection%22%3A%5B%7B%22regionId%22%3A12700%2C%22regionType%22%3A6%7D%5D%2C%22pagination%22%3A%7B%22currentPage%22%3A2%7D%7D
2,44333128,FOR_SALE,Townhouse for sale,7 days ,375000,1510,248,362602,240,2057,0,sqft,3,3,"13402 SW 153rd St APT 1906, Miami, FL 33177",13402 SW 153rd St APT 1906,Miami,33177,"25,62536","-80,41022",RE/MAX Advance Realty,https://www.zillow.com/homedetails/13402-SW-153rd-St-APT-1906-Miami-FL-33177/44333128_zpid/,https://www.zillow.com/miami-fl/2_p/?searchQueryState=%7B%22mapBounds%22%3A%7B%22north%22%3A26.00085976696961%2C%22east%22%3A-79.93262584082031%2C%22south%22%3A25.404430408836117%2C%22west%22%3A-80.75522715917968%7D%2C%22isMapVisible%22%3Atrue%2C%22filterState%22%3A%7B%22sort%22%3A%7B%22value%22%3A%22globalrelevanceex%22%7D%2C%22ah%22%3A%7B%22value%22%3Atrue%7D%2C%22price%22%3A%7B%22min%22%3A200000%2C%22max%22%3A400000%7D%2C%22mp%22%3A%7B%22min%22%3A1007%2C%22max%22%3A2013%7D%7D%2C%22isListVisible%22%3Atrue%2C%22regionSelection%22%3A%5B%7B%22regionId%22%3A12700%2C%22regionType%22%3A6%7D%5D%2C%22pagination%22%3A%7B%22currentPage%22%3A2%7D%7D
3,43847151,FOR_SALE,Condo for sale,4 days ,240000,882,272,231273,262,1082,0,sqft,2,2,"5050 NW 7th St PENTHOUSE 3, Miami, FL 33126",5050 NW 7th St PENTHOUSE 3,Miami,33126,"25,777895","-80,27752",Luxe Properties,https://www.zillow.com/homedetails/5050-NW-7th-St-PENTHOUSE-3-Miami-FL-33126/43847151_zpid/,https://www.zillow.com/miami-fl/2_p/?searchQueryState=%7B%22mapBounds%22%3A%7B%22north%22%3A26.00085976696961%2C%22east%22%3A-79.93262584082031%2C%22south%22%3A25.404430408836117%2C%22west%22%3A-80.75522715917968%7D%2C%22isMapVisible%22%3Atrue%2C%22filterState%22%3A%7B%22sort%22%3A%7B%22value%22%3A%22globalrelevanceex%22%7D%2C%22ah%22%3A%7B%22value%22%3Atrue%7D%2C%22price%22%3A%7B%22min%22%3A200000%2C%22max%22%3A400000%7D%2C%22mp%22%3A%7B%22min%22%3A1007%2C%22max%22%3A2013%7D%7D%2C%22isListVisible%22%3Atrue%2C%22regionSelection%22%3A%5B%7B%22regionId%22%3A12700%2C%22regionType%22%3A6%7D%5D%2C%22pagination%22%3A%7B%22currentPage%22%3A2%7D%7D
4,44362762,FOR_SALE,House for sale,,389000,1313,296,,,,1924,sqft,4,2,"20010 SW 123rd Dr, Miami, FL 33177",20010 SW 123rd Dr,Miami,33177,"25,580612","-80,39236",JLS Investment Realty LLC,https://www.zillow.com/homedetails/20010-SW-123rd-Dr-Miami-FL-33177/44362762_zpid/,https://www.zillow.com/miami-fl/2_p/?searchQueryState=%7B%22mapBounds%22%3A%7B%22north%22%3A26.00085976696961%2C%22east%22%3A-79.93262584082031%2C%22south%22%3A25.404430408836117%2C%22west%22%3A-80.75522715917968%7D%2C%22isMapVisible%22%3Atrue%2C%22filterState%22%3A%7B%22sort%22%3A%7B%22value%22%3A%22globalrelevanceex%22%7D%2C%22ah%22%3A%7B%22value%22%3Atrue%7D%2C%22price%22%3A%7B%22min%22%3A200000%2C%22max%22%3A400000%7D%2C%22mp%22%3A%7B%22min%22%3A1007%2C%22max%22%3A2013%7D%7D%2C%22isListVisible%22%3Atrue%2C%22regionSelection%22%3A%5B%7B%22regionId%22%3A12700%2C%22regionType%22%3A6%7D%5D%2C%22pagination%22%3A%7B%22currentPage%22%3A2%7D%7D
5,113378795,FOR_SALE,Condo for sale,,345000,803,430,343800,428,1972,0,sqft,2,2,"1871 NW South River Dr UNIT 802, Miami, FL 33125",1871 NW South River Dr UNIT 802,Miami,33125,"25,78521","-80,2259",Beachfront Realty Inc,https://www.zillow.com/homedetails/1871-NW-South-River-Dr-UNIT-802-Miami-FL-33125/113378795_zpid/,https://www.zillow.com/miami-fl/2_p/?searchQueryState=%7B%22mapBounds%22%3A%7B%22north%22%3A26.00085976696961%2C%22east%22%3A-79.93262584082031%2C%22south%22%3A25.404430408836117%2C%22west%22%3A-80.75522715917968%7D%2C%22isMapVisible%22%3Atrue%2C%22filterState%22%3A%7B%22sort%22%3A%7B%22value%22%3A%22globalrelevanceex%22%7D%2C%22ah%22%3A%7B%22value%22%3Atrue%7D%2C%22price%22%3A%7B%22min%22%3A200000%2C%22max%22%3A400000%7D%2C%22mp%22%3A%7B%22min%22%3A1007%2C%22max%22%3A2013%7D%7D%2C%22isListVisible%22%3Atrue%2C%22regionSelection%22%3A%5B%7B%22regionId%22%3A12700%2C%22regionType%22%3A6%7D%5D%2C%22pagination%22%3A%7B%22currentPage%22%3A2%7D%7D
6,64445186,FOR_SALE,Condo for sale,1 day ,315000,882,357,313100,355,2163,0,sqft,1,2,"816 NW 11th St APT 505, Miami, FL 33136",816 NW 11th St APT 505,Miami,33136,"25,783781","-80,20879",Realty One Group Evolution,https://www.zillow.com/homedetails/816-NW-11th-St-APT-505-Miami-FL-33136/64445186_zpid/,https://www.zillow.com/miami-fl/2_p/?searchQueryState=%7B%22mapBounds%22%3A%7B%22north%22%3A26.00085976696961%2C%22east%22%3A-79.93262584082031%2C%22south%22%3A25.404430408836117%2C%22west%22%3A-80.75522715917968%7D%2C%22isMapVisible%22%3Atrue%2C%22filterState%22%3A%7B%22sort%22%3A%7B%22value%22%3A%22globalrelevanceex%22%7D%2C%22ah%22%3A%7B%22value%22%3Atrue%7D%2C%22price%22%3A%7B%22min%22%3A200000%2C%22max%22%3A400000%7D%2C%22mp%22%3A%7B%22min%22%3A1007%2C%22max%22%3A2013%7D%7D%2C%22isListVisible%22%3Atrue%2C%22regionSelection%22%3A%5B%7B%22regionId%22%3A12700%2C%22regionType%22%3A6%7D%5D%2C%22pagination%22%3A%7B%22currentPage%22%3A2%7D%7D
7,43828273,FOR_SALE,Condo for sale,31 days ,375000,945,397,,,,0,sqft,2,2,"860 NE 78th St APT 504, Miami, FL 33138",860 NE 78th St APT 504,Miami,33138,"25,847136","-80,17887",Douglas Elliman,https://www.zillow.com/homedetails/860-NE-78th-St-APT-504-Miami-FL-33138/43828273_zpid/,https://www.zillow.com/miami-fl/2_p/?searchQueryState=%7B%22mapBounds%22%3A%7B%22north%22%3A26.00085976696961%2C%22east%22%3A-79.93262584082031%2C%22south%22%3A25.404430408836117%2C%22west%22%3A-80.75522715917968%7D%2C%22isMapVisible%22%3Atrue%2C%22filterState%22%3A%7B%22sort%22%3A%7B%22value%22%3A%22globalrelevanceex%22%7D%2C%22ah%22%3A%7B%22value%22%3Atrue%7D%2C%22price%22%3A%7B%22min%22%3A200000%2C%22max%22%3A400000%7D%2C%22mp%22%3A%7B%22min%22%3A1007%2C%22max%22%3A2013%7D%7D%2C%22isListVisible%22%3Atrue%2C%22regionSelection%22%3A%5B%7B%22regionId%22%3A12700%2C%22regionType%22%3A6%7D%5D%2C%22pagination%22%3A%7B%22currentPage%22%3A2%7D%7D
8,44277965,FOR_SALE,Condo for sale,1 day ,295000,1077,274,294200,273,2585,0,sqft,2,2,"10778 N Kendall Dr APT E17, Miami, FL 33176",10778 N Kendall Dr APT E17,Miami,33176,"25,684958","-80,36814","New Era Solutions, Inc.",https://www.zillow.com/homedetails/10778-N-Kendall-Dr-APT-E17-Miami-FL-33176/44277965_zpid/,https://www.zillow.com/miami-fl/2_p/?searchQueryState=%7B%22mapBounds%22%3A%7B%22north%22%3A26.00085976696961%2C%22east%22%3A-79.93262584082031%2C%22south%22%3A25.404430408836117%2C%22west%22%3A-80.75522715917968%7D%2C%22isMapVisible%22%3Atrue%2C%22filterState%22%3A%7B%22sort%22%3A%7B%22value%22%3A%22globalrelevanceex%22%7D%2C%22ah%22%3A%7B%22value%22%3Atrue%7D%2C%22price%22%3A%7B%22min%22%3A200000%2C%22max%22%3A400000%7D%2C%22mp%22%3A%7B%22min%22%3A1007%2C%22max%22%3A2013%7D%7D%2C%22isListVisible%22%3Atrue%2C%22regionSelection%22%3A%5B%7B%22regionId%22%3A12700%2C%22regionType%22%3A6%7D%5D%2C%22pagination%22%3A%7B%22currentPage%22%3A2%7D%7D
9,2144462693,FOR_SALE,Home for sale,6 days ,300000,1690,178,,,,7200,sqft,4,2,"19800 SW 180th Ave, Miami, FL 33187",19800 SW 180th Ave,Miami,33187,"25,58159","-80,48648",Diamond Realty Team LLC,https://www.zillow.com/homedetails/19800-SW-180th-Ave-Miami-FL-33187/2144462693_zpid/,https://www.zillow.com/miami-fl/2_p/?searchQueryState=%7B%22mapBounds%22%3A%7B%22north%22%3A26.00085976696961%2C%22east%22%3A-79.93262584082031%2C%22south%22%3A25.404430408836117%2C%22west%22%3A-80.75522715917968%7D%2C%22isMapVisible%22%3Atrue%2C%22filterState%22%3A%7B%22sort%22%3A%7B%22value%22%3A%22globalrelevanceex%22%7D%2C%22ah%22%3A%7B%22value%22%3Atrue%7D%2C%22price%22%3A%7B%22min%22%3A200000%2C%22max%22%3A400000%7D%2C%22mp%22%3A%7B%22min%22%3A1007%2C%22max%22%3A2013%7D%7D%2C%22isListVisible%22%3Atrue%2C%22regionSelection%22%3A%5B%7B%22regionId%22%3A12700%2C%22regionType%22%3A6%7D%5D%2C%22pagination%22%3A%7B%22currentPage%22%3A2%7D%7D
10,44276070,FOR_SALE,Condo for sale,3 days ,276900,1010,274,,,,0,sqft,2,2,"9227 SW 87th Ave APT B7, Miami, FL 33176",9227 SW 87th Ave APT B7,Miami,33176,"25,683958","-80,334946",Florida Realty of Miami Corp,https://www.zillow.com/homedetails/9227-SW-87th-Ave-APT-B7-Miami-FL-33176/44276070_zpid/,https://www.zillow.com/miami-fl/2_p/?searchQueryState=%7B%22mapBounds%22%3A%7B%22north%22%3A26.00085976696961%2C%22east%22%3A-79.93262584082031%2C%22south%22%3A25.404430408836117%2C%22west%22%3A-80.75522715917968%7D%2C%22isMapVisible%22%3Atrue%2C%22filterState%22%3A%7B%22sort%22%3A%7B%22value%22%3A%22globalrelevanceex%22%7D%2C%22ah%22%3A%7B%22value%22%3Atrue%7D%2C%22price%22%3A%7B%22min%22%3A200000%2C%22max%22%3A400000%7D%2C%22mp%22%3A%7B%22min%22%3A1007%2C%22max%22%3A2013%7D%7D%2C%22isListVisible%22%3Atrue%2C%22regionSelection%22%3A%5B%7B%22regionId%22%3A12700%2C%22regionType%22%3A6%7D%5D%2C%22pagination%22%3A%7B%22currentPage%22%3A2%7D%7D
11,44226711,FOR_SALE,Condo for sale,2 days ,365000,665,549,364300,548,1766,0,sqft,1,1,"7965 SW 57th Ave APT 53A, Miami, FL 33143",7965 SW 57th Ave APT 53A,Miami,33143,"25,697338","-80,28512",The Keyes Company,https://www.zillow.com/homedetails/7965-SW-57th-Ave-APT-53A-Miami-FL-33143/44226711_zpid/,https://www.zillow.com/miami-fl/2_p/?searchQueryState=%7B%22mapBounds%22%3A%7B%22north%22%3A26.00085976696961%2C%22east%22%3A-79.93262584082031%2C%22south%22%3A25.404430408836117%2C%22west%22%3A-80.75522715917968%7D%2C%22isMapVisible%22%3Atrue%2C%22filterState%22%3A%7B%22sort%22%3A%7B%22value%22%3A%22globalrelevanceex%22%7D%2C%22ah%22%3A%7B%22value%22%3Atrue%7D%2C%22price%22%3A%7B%22min%22%3A200000%2C%22max%22%3A400000%7D%2C%22mp%22%3A%7B%22min%22%3A1007%2C%22max%22%3A2013%7D%7D%2C%22isListVisible%22%3Atrue%2C%22regionSelection%22%3A%5B%7B%22regionId%22%3A12700%2C%22regionType%22%3A6%7D%5D%2C%22pagination%22%3A%7B%22currentPage%22%3A2%7D%7D
12,44214602,FOR_SALE,Townhouse for sale,7 days ,298900,1310,228,288936,221,1777,0,sqft,2,3,"6814 SW 114th Pl #D65, Miami, FL 33173",6814 SW 114th Pl #D65,Miami,33173,"25,704018","-80,37853",Meant2b Realty LLC,https://www.zillow.com/homedetails/6814-SW-114th-Pl-D65-Miami-FL-33173/44214602_zpid/,https://www.zillow.com/miami-fl/2_p/?searchQueryState=%7B%22mapBounds%22%3A%7B%22north%22%3A26.00085976696961%2C%22east%22%3A-79.93262584082031%2C%22south%22%3A25.404430408836117%2C%22west%22%3A-80.75522715917968%7D%2C%22isMapVisible%22%3Atrue%2C%22filterState%22%3A%7B%22sort%22%3A%7B%22value%22%3A%22globalrelevanceex%22%7D%2C%22ah%22%3A%7B%22value%22%3Atrue%7D%2C%22price%22%3A%7B%22min%22%3A200000%2C%22max%22%3A400000%7D%2C%22mp%22%3A%7B%22min%22%3A1007%2C%22max%22%3A2013%7D%7D%2C%22isListVisible%22%3Atrue%2C%22regionSelection%22%3A%5B%7B%22regionId%22%3A12700%2C%22regionType%22%3A6%7D%5D%2C%22pagination%22%3A%7B%22currentPage%22%3A2%7D%7D
13,43829695,FOR_SALE,Condo for sale,17 days ,299000,1242,241,,,,0,sqft,2,2,"780 NE 69th St APT 905, Miami, FL 33138",780 NE 69th St APT 905,Miami,33138,"25,83887","-80,18001",Keller Williams Eagle Realty,https://www.zillow.com/homedetails/780-NE-69th-St-APT-905-Miami-FL-33138/43829695_zpid/,https://www.zillow.com/miami-fl/2_p/?searchQueryState=%7B%22mapBounds%22%3A%7B%22north%22%3A26.00085976696961%2C%22east%22%3A-79.93262584082031%2C%22south%22%3A25.404430408836117%2C%22west%22%3A-80.75522715917968%7D%2C%22isMapVisible%22%3Atrue%2C%22filterState%22%3A%7B%22sort%22%3A%7B%22value%22%3A%22globalrelevanceex%22%7D%2C%22ah%22%3A%7B%22value%22%3Atrue%7D%2C%22price%22%3A%7B%22min%22%3A200000%2C%22max%22%3A400000%7D%2C%22mp%22%3A%7B%22min%22%3A1007%2C%22max%22%3A2013%7D%7D%2C%22isListVisible%22%3Atrue%2C%22regionSelection%22%3A%5B%7B%22regionId%22%3A12700%2C%22regionType%22%3A6%7D%5D%2C%22pagination%22%3A%7B%22currentPage%22%3A2%7D%7D
14,92449932,FOR_SALE,Condo for sale,2 days ,385000,692,556,383200,554,2988,0,sqft,1,1,"333 NE 24th St APT 803, Miami, FL 33137",333 NE 24th St APT 803,Miami,33137,"25,800562","-80,18836",Keller Williams Eagle Realty,https://www.zillow.com/homedetails/333-NE-24th-St-APT-803-Miami-FL-33137/92449932_zpid/,https://www.zillow.com/miami-fl/2_p/?searchQueryState=%7B%22mapBounds%22%3A%7B%22north%22%3A26.00085976696961%2C%22east%22%3A-79.93262584082031%2C%22south%22%3A25.404430408836117%2C%22west%22%3A-80.75522715917968%7D%2C%22isMapVisible%22%3Atrue%2C%22filterState%22%3A%7B%22sort%22%3A%7B%22value%22%3A%22globalrelevanceex%22%7D%2C%22ah%22%3A%7B%22value%22%3Atrue%7D%2C%22price%22%3A%7B%22min%22%3A200000%2C%22max%22%3A400000%7D%2C%22mp%22%3A%7B%22min%22%3A1007%2C%22max%22%3A2013%7D%7D%2C%22isListVisible%22%3Atrue%2C%22regionSelection%22%3A%5B%7B%22regionId%22%3A12700%2C%22regionType%22%3A6%7D%5D%2C%22pagination%22%3A%7B%22currentPage%22%3A2%7D%7D
15,43829601,FOR_SALE,Condo for sale,,299000,1316,227,,,,0,sqft,2,2,"780 NE 69th St APT 701, Miami, FL 33138",780 NE 69th St APT 701,Miami,33138,"25,83887","-80,18001",Keller Williams Eagle Realty,https://www.zillow.com/homedetails/780-NE-69th-St-APT-701-Miami-FL-33138/43829601_zpid/,https://www.zillow.com/miami-fl/2_p/?searchQueryState=%7B%22mapBounds%22%3A%7B%22north%22%3A26.00085976696961%2C%22east%22%3A-79.93262584082031%2C%22south%22%3A25.404430408836117%2C%22west%22%3A-80.75522715917968%7D%2C%22isMapVisible%22%3Atrue%2C%22filterState%22%3A%7B%22sort%22%3A%7B%22value%22%3A%22globalrelevanceex%22%7D%2C%22ah%22%3A%7B%22value%22%3Atrue%7D%2C%22price%22%3A%7B%22min%22%3A200000%2C%22max%22%3A400000%7D%2C%22mp%22%3A%7B%22min%22%3A1007%2C%22max%22%3A2013%7D%7D%2C%22isListVisible%22%3Atrue%2C%22regionSelection%22%3A%5B%7B%22regionId%22%3A12700%2C%22regionType%22%3A6%7D%5D%2C%22pagination%22%3A%7B%22currentPage%22%3A2%7D%7D
16,44278582,FOR_SALE,Condo for sale,2 days ,299000,1242,241,298400,240,1605,0,sqft,2,2,"10850 N Kendall Dr UNIT 317, Miami, FL 33176",10850 N Kendall Dr UNIT 317,Miami,33176,"25,68675","-80,36986",One Sotheby's International Realty,https://www.zillow.com/homedetails/10850-N-Kendall-Dr-UNIT-317-Miami-FL-33176/44278582_zpid/,https://www.zillow.com/miami-fl/2_p/?searchQueryState=%7B%22mapBounds%22%3A%7B%22north%22%3A26.00085976696961%2C%22east%22%3A-79.93262584082031%2C%22south%22%3A25.404430408836117%2C%22west%22%3A-80.75522715917968%7D%2C%22isMapVisible%22%3Atrue%2C%22filterState%22%3A%7B%22sort%22%3A%7B%22value%22%3A%22globalrelevanceex%22%7D%2C%22ah%22%3A%7B%22value%22%3Atrue%7D%2C%22price%22%3A%7B%22min%22%3A200000%2C%22max%22%3A400000%7D%2C%22mp%22%3A%7B%22min%22%3A1007%2C%22max%22%3A2013%7D%7D%2C%22isListVisible%22%3Atrue%2C%22regionSelection%22%3A%5B%7B%22regionId%22%3A12700%2C%22regionType%22%3A6%7D%5D%2C%22pagination%22%3A%7B%22currentPage%22%3A2%7D%7D
17,43856915,FOR_SALE,Condo for sale,,350000,900,389,,,,0,sqft,2,1,"2498 SW 17th Ave #4312, Miami, FL 33133",2498 SW 17th Ave #4312,Miami,33133,"25,745857","-80,223305","Kerdyk Real Estate, Inc.",https://www.zillow.com/homedetails/2498-SW-17th-Ave-4312-Miami-FL-33133/43856915_zpid/,https://www.zillow.com/miami-fl/2_p/?searchQueryState=%7B%22mapBounds%22%3A%7B%22north%22%3A26.00085976696961%2C%22east%22%3A-79.93262584082031%2C%22south%22%3A25.404430408836117%2C%22west%22%3A-80.75522715917968%7D%2C%22isMapVisible%22%3Atrue%2C%22filterState%22%3A%7B%22sort%22%3A%7B%22value%22%3A%22globalrelevanceex%22%7D%2C%22ah%22%3A%7B%22value%22%3Atrue%7D%2C%22price%22%3A%7B%22min%22%3A200000%2C%22max%22%3A400000%7D%2C%22mp%22%3A%7B%22min%22%3A1007%2C%22max%22%3A2013%7D%7D%2C%22isListVisible%22%3Atrue%2C%22regionSelection%22%3A%5B%7B%22regionId%22%3A12700%2C%22regionType%22%3A6%7D%5D%2C%22pagination%22%3A%7B%22currentPage%22%3A2%7D%7D
18,44281542,FOR_SALE,Condo for sale,2 days ,220000,650,338,219400,338,1204,0,sqft,1,1,"10511 SW 108th Ave #189, Miami, FL 33176",10511 SW 108th Ave #189,Miami,33176,"25,671213","-80,368904","Chez Realty, LLC.",https://www.zillow.com/homedetails/10511-SW-108th-Ave-189-Miami-FL-33176/44281542_zpid/,https://www.zillow.com/miami-fl/2_p/?searchQueryState=%7B%22mapBounds%22%3A%7B%22north%22%3A26.00085976696961%2C%22east%22%3A-79.93262584082031%2C%22south%22%3A25.404430408836117%2C%22west%22%3A-80.75522715917968%7D%2C%22isMapVisible%22%3Atrue%2C%22filterState%22%3A%7B%22sort%22%3A%7B%22value%22%3A%22globalrelevanceex%22%7D%2C%22ah%22%3A%7B%22value%22%3Atrue%7D%2C%22price%22%3A%7B%22min%22%3A200000%2C%22max%22%3A400000%7D%2C%22mp%22%3A%7B%22min%22%3A1007%2C%22max%22%3A2013%7D%7D%2C%22isListVisible%22%3Atrue%2C%22regionSelection%22%3A%5B%7B%22regionId%22%3A12700%2C%22regionType%22%3A6%7D%5D%2C%22pagination%22%3A%7B%22currentPage%22%3A2%7D%7D
19,44218816,FOR_SALE,Condo for sale,59 days ,290000,1235,235,277800,225,1961,0,sqft,2,2,"8401 SW 107th Ave APT 310E, Miami, FL 33173",8401 SW 107th Ave APT 310E,Miami,33173,"25,69","-80,36428",Luxe Properties,https://www.zillow.com/homedetails/8401-SW-107th-Ave-APT-310E-Miami-FL-33173/44218816_zpid/,https://www.zillow.com/miami-fl/2_p/?searchQueryState=%7B%22mapBounds%22%3A%7B%22north%22%3A26.00085976696961%2C%22east%22%3A-79.93262584082031%2C%22south%22%3A25.404430408836117%2C%22west%22%3A-80.75522715917968%7D%2C%22isMapVisible%22%3Atrue%2C%22filterState%22%3A%7B%22sort%22%3A%7B%22value%22%3A%22globalrelevanceex%22%7D%2C%22ah%22%3A%7B%22value%22%3Atrue%7D%2C%22price%22%3A%7B%22min%22%3A200000%2C%22max%22%3A400000%7D%2C%22mp%22%3A%7B%22min%22%3A1007%2C%22max%22%3A2013%7D%7D%2C%22isListVisible%22%3Atrue%2C%22regionSelection%22%3A%5B%7B%22regionId%22%3A12700%2C%22regionType%22%3A6%7D%5D%2C%22pagination%22%3A%7B%22currentPage%22%3A2%7D%7D
20,43825547,FOR_SALE,Townhouse for sale,23 days ,379000,1000,379,366300,366,2036,0,sqft,2,2,"1901 NW South River Dr APT 60F, Miami, FL 33125",1901 NW South River Dr APT 60F,Miami,33125,"25,785172","-80,22656","Trexy International Realty, Inc",https://www.zillow.com/homedetails/1901-NW-South-River-Dr-APT-60F-Miami-FL-33125/43825547_zpid/,https://www.zillow.com/miami-fl/2_p/?searchQueryState=%7B%22mapBounds%22%3A%7B%22north%22%3A26.00085976696961%2C%22east%22%3A-79.93262584082031%2C%22south%22%3A25.404430408836117%2C%22west%22%3A-80.75522715917968%7D%2C%22isMapVisible%22%3Atrue%2C%22filterState%22%3A%7B%22sort%22%3A%7B%22value%22%3A%22globalrelevanceex%22%7D%2C%22ah%22%3A%7B%22value%22%3Atrue%7D%2C%22price%22%3A%7B%22min%22%3A200000%2C%22max%22%3A400000%7D%2C%22mp%22%3A%7B%22min%22%3A1007%2C%22max%22%3A2013%7D%7D%2C%22isListVisible%22%3Atrue%2C%22regionSelection%22%3A%5B%7B%22regionId%22%3A12700%2C%22regionType%22%3A6%7D%5D%2C%22pagination%22%3A%7B%22currentPage%22%3A2%7D%7D
21,44357345,FOR_SALE,Home for sale,,265000,1590,167,264000,166,1894,3600,sqft,3,2,"19800 SW 180th Ave LOT 518, Miami, FL 33187",19800 SW 180th Ave LOT 518,Miami,33187,"25,58159","-80,48648",LPT Realty,https://www.zillow.com/homedetails/19800-SW-180th-Ave-LOT-518-Miami-FL-33187/44357345_zpid/,https://www.zillow.com/miami-fl/2_p/?searchQueryState=%7B%22mapBounds%22%3A%7B%22north%22%3A26.00085976696961%2C%22east%22%3A-79.93262584082031%2C%22south%22%3A25.404430408836117%2C%22west%22%3A-80.75522715917968%7D%2C%22isMapVisible%22%3Atrue%2C%22filterState%22%3A%7B%22sort%22%3A%7B%22value%22%3A%22globalrelevanceex%22%7D%2C%22ah%22%3A%7B%22value%22%3Atrue%7D%2C%22price%22%3A%7B%22min%22%3A200000%2C%22max%22%3A400000%7D%2C%22mp%22%3A%7B%22min%22%3A1007%2C%22max%22%3A2013%7D%7D%2C%22isListVisible%22%3Atrue%2C%22regionSelection%22%3A%5B%7B%22regionId%22%3A12700%2C%22regionType%22%3A6%7D%5D%2C%22pagination%22%3A%7B%22currentPage%22%3A2%7D%7D
22,82414164,FOR_SALE,Condo for sale,50 days ,298500,774,386,294312,380,1635,,,1,1,"111 E Flagler St APT 410, Miami, FL 33131",111 E Flagler St APT 410,Miami,33131,"25,774494","-80,19174",Realty 100,https://www.zillow.com/homedetails/111-E-Flagler-St-APT-410-Miami-FL-33131/82414164_zpid/,https://www.zillow.com/miami-fl/2_p/?searchQueryState=%7B%22mapBounds%22%3A%7B%22north%22%3A26.00085976696961%2C%22east%22%3A-79.93262584082031%2C%22south%22%3A25.404430408836117%2C%22west%22%3A-80.75522715917968%7D%2C%22isMapVisible%22%3Atrue%2C%22filterState%22%3A%7B%22sort%22%3A%7B%22value%22%3A%22globalrelevanceex%22%7D%2C%22ah%22%3A%7B%22value%22%3Atrue%7D%2C%22price%22%3A%7B%22min%22%3A200000%2C%22max%22%3A400000%7D%2C%22mp%22%3A%7B%22min%22%3A1007%2C%22max%22%3A2013%7D%7D%2C%22isListVisible%22%3Atrue%2C%22regionSelection%22%3A%5B%7B%22regionId%22%3A12700%2C%22regionType%22%3A6%7D%5D%2C%22pagination%22%3A%7B%22currentPage%22%3A2%7D%7D
23,44348614,FOR_SALE,Foreclosure,134 days ,369900,2961,125,361166,122,3669,7500,sqft,4,2,"11740 SW 190th Terrace Rd, Miami, FL 33177",11740 SW 190th Terrace Rd,Miami,33177,"25,59119","-80,38134",K \u0026 A Realty,https://www.zillow.com/homedetails/11740-SW-190th-Terrace-Rd-Miami-FL-33177/44348614_zpid/,https://www.zillow.com/miami-fl/2_p/?searchQueryState=%7B%22mapBounds%22%3A%7B%22north%22%3A26.00085976696961%2C%22east%22%3A-79.93262584082031%2C%22south%22%3A25.404430408836117%2C%22west%22%3A-80.75522715917968%7D%2C%22isMapVisible%22%3Atrue%2C%22filterState%22%3A%7B%22sort%22%3A%7B%22value%22%3A%22globalrelevanceex%22%7D%2C%22ah%22%3A%7B%22value%22%3Atrue%7D%2C%22price%22%3A%7B%22min%22%3A200000%2C%22max%22%3A400000%7D%2C%22mp%22%3A%7B%22min%22%3A1007%2C%22max%22%3A2013%7D%7D%2C%22isListVisible%22%3Atrue%2C%22regionSelection%22%3A%5B%7B%22regionId%22%3A12700%2C%22regionType%22%3A6%7D%5D%2C%22pagination%22%3A%7B%22currentPage%22%3A2%7D%7D
24,44356538,FOR_SALE,House for sale,15 days ,360000,1881,191,,,,5700,sqft,3,2,"22275 SW 108th Ct, Miami, FL 33170",22275 SW 108th Ct,Miami,33170,"25,55987","-80,36694",Choice One Real Estate Corp,https://www.zillow.com/homedetails/22275-SW-108th-Ct-Miami-FL-33170/44356538_zpid/,https://www.zillow.com/miami-fl/2_p/?searchQueryState=%7B%22mapBounds%22%3A%7B%22north%22%3A26.00085976696961%2C%22east%22%3A-79.93262584082031%2C%22south%22%3A25.404430408836117%2C%22west%22%3A-80.75522715917968%7D%2C%22isMapVisible%22%3Atrue%2C%22filterState%22%3A%7B%22sort%22%3A%7B%22value%22%3A%22globalrelevanceex%22%7D%2C%22ah%22%3A%7B%22value%22%3Atrue%7D%2C%22price%22%3A%7B%22min%22%3A200000%2C%22max%22%3A400000%7D%2C%22mp%22%3A%7B%22min%22%3A1007%2C%22max%22%3A2013%7D%7D%2C%22isListVisible%22%3Atrue%2C%22regionSelection%22%3A%5B%7B%22regionId%22%3A12700%2C%22regionType%22%3A6%7D%5D%2C%22pagination%22%3A%7B%22currentPage%22%3A2%7D%7D
25,45062128,FOR_SALE,Condo for sale,,240000,781,307,,,,,,2,1,"3808 N Oak Dr UNIT U32, Tampa, FL 33611",3808 N Oak Dr UNIT U32,Tampa,33611,"27,901293","-82,50704",Smith \u0026 Associates Real Estate,https://www.zillow.com/homedetails/3808-N-Oak-Dr-UNIT-U32-Tampa-FL-33611/45062128_zpid/,https://www.zillow.com/tampa-fl/2_p/?searchQueryState=%7B%22mapBounds%22%3A%7B%22north%22%3A28.251997629918986%2C%22east%22%3A-82.04297984082032%2C%22south%22%3A27.736641988574366%2C%22west%22%3A-82.8655811591797%7D%2C%22isMapVisible%22%3Atrue%2C%22filterState%22%3A%7B%22sort%22%3A%7B%22value%22%3A%22globalrelevanceex%22%7D%2C%22ah%22%3A%7B%22value%22%3Atrue%7D%2C%22price%22%3A%7B%22min%22%3A200000%2C%22max%22%3A400000%7D%2C%22mp%22%3A%7B%22min%22%3A1007%2C%22max%22%3A2013%7D%7D%2C%22isListVisible%22%3Atrue%2C%22regionSelection%22%3A%5B%7B%22regionId%22%3A41176%2C%22regionType%22%3A6%7D%5D%2C%22pagination%22%3A%7B%22currentPage%22%3A2%7D%7D
26,45087302,FOR_SALE,House for sale,,220000,1135,194,221300,195,1895,5000,sqft,4,1,"2623 E 38th Ave, Tampa, FL 33610",2623 E 38th Ave,Tampa,33610,"27,98347","-82,42881",Asset One Realty Inc,https://www.zillow.com/homedetails/2623-E-38th-Ave-Tampa-FL-33610/45087302_zpid/,https://www.zillow.com/tampa-fl/2_p/?searchQueryState=%7B%22mapBounds%22%3A%7B%22north%22%3A28.251997629918986%2C%22east%22%3A-82.04297984082032%2C%22south%22%3A27.736641988574366%2C%22west%22%3A-82.8655811591797%7D%2C%22isMapVisible%22%3Atrue%2C%22filterState%22%3A%7B%22sort%22%3A%7B%22value%22%3A%22globalrelevanceex%22%7D%2C%22ah%22%3A%7B%22value%22%3Atrue%7D%2C%22price%22%3A%7B%22min%22%3A200000%2C%22max%22%3A400000%7D%2C%22mp%22%3A%7B%22min%22%3A1007%2C%22max%22%3A2013%7D%7D%2C%22isListVisible%22%3Atrue%2C%22regionSelection%22%3A%5B%7B%22regionId%22%3A41176%2C%22regionType%22%3A6%7D%5D%2C%22pagination%22%3A%7B%22currentPage%22%3A2%7D%7D
27,45033932,FOR_SALE,House for sale,,285000,1483,192,292400,197,2399,7150,sqft,3,2,"1213 Cuttingin Pl, Tampa, FL 33612",1213 Cuttingin Pl,Tampa,33612,"28,051281","-82,471596",Keller Williams Tampa Prop.,https://www.zillow.com/homedetails/1213-Cuttingin-Pl-Tampa-FL-33612/45033932_zpid/,https://www.zillow.com/tampa-fl/2_p/?searchQueryState=%7B%22mapBounds%22%3A%7B%22north%22%3A28.251997629918986%2C%22east%22%3A-82.04297984082032%2C%22south%22%3A27.736641988574366%2C%22west%22%3A-82.8655811591797%7D%2C%22isMapVisible%22%3Atrue%2C%22filterState%22%3A%7B%22sort%22%3A%7B%22value%22%3A%22globalrelevanceex%22%7D%2C%22ah%22%3A%7B%22value%22%3Atrue%7D%2C%22price%22%3A%7B%22min%22%3A200000%2C%22max%22%3A400000%7D%2C%22mp%22%3A%7B%22min%22%3A1007%2C%22max%22%3A2013%7D%7D%2C%22isListVisible%22%3Atrue%2C%22regionSelection%22%3A%5B%7B%22regionId%22%3A41176%2C%22regionType%22%3A6%7D%5D%2C%22pagination%22%3A%7B%22currentPage%22%3A2%7D%7D
28,2057000924,FOR_SALE,House for sale,,310000,1240,250,,,,8030,sqft,3,2,"(undisclosed Address), Tampa, FL 33617",(undisclosed Address),Tampa,33617,,,Janet Troupe Realty,https://www.zillow.com/homedetails/Tampa-FL-33617/2057000924_zpid/,https://www.zillow.com/tampa-fl/2_p/?searchQueryState=%7B%22mapBounds%22%3A%7B%22north%22%3A28.251997629918986%2C%22east%22%3A-82.04297984082032%2C%22south%22%3A27.736641988574366%2C%22west%22%3A-82.8655811591797%7D%2C%22isMapVisible%22%3Atrue%2C%22filterState%22%3A%7B%22sort%22%3A%7B%22value%22%3A%22globalrelevanceex%22%7D%2C%22ah%22%3A%7B%22value%22%3Atrue%7D%2C%22price%22%3A%7B%22min%22%3A200000%2C%22max%22%3A400000%7D%2C%22mp%22%3A%7B%22min%22%3A1007%2C%22max%22%3A2013%7D%7D%2C%22isListVisible%22%3Atrue%2C%22regionSelection%22%3A%5B%7B%22regionId%22%3A41176%2C%22regionType%22%3A6%7D%5D%2C%22pagination%22%3A%7B%22currentPage%22%3A2%7D%7D
29,45103267,FOR_SALE,House for sale,,339900,677,502,,,,4750,sqft,2,1,"2111 W Palmetto St, Tampa, FL 33607",2111 W Palmetto St,Tampa,33607,"27,962454","-82,48144",London Foster Realty,https://www.zillow.com/homedetails/2111-W-Palmetto-St-Tampa-FL-33607/45103267_zpid/,https://www.zillow.com/tampa-fl/2_p/?searchQueryState=%7B%22mapBounds%22%3A%7B%22north%22%3A28.251997629918986%2C%22east%22%3A-82.04297984082032%2C%22south%22%3A27.736641988574366%2C%22west%22%3A-82.8655811591797%7D%2C%22isMapVisible%22%3Atrue%2C%22filterState%22%3A%7B%22sort%22%3A%7B%22value%22%3A%22globalrelevanceex%22%7D%2C%22ah%22%3A%7B%22value%22%3Atrue%7D%2C%22price%22%3A%7B%22min%22%3A200000%2C%22max%22%3A400000%7D%2C%22mp%22%3A%7B%22min%22%3A1007%2C%22max%22%3A2013%7D%7D%2C%22isListVisible%22%3Atrue%2C%22regionSelection%22%3A%5B%7B%22regionId%22%3A41176%2C%22regionType%22%3A6%7D%5D%2C%22pagination%22%3A%7B%22currentPage%22%3A2%7D%7D
30,45033953,FOR_SALE,House for sale,,359000,1250,287,365500,292,2127,8960,sqft,3,1,"11502 N Boulevard St, Tampa, FL 33612",11502 N Boulevard St,Tampa,33612,"28,05327","-82,46792",Keller Williams Tampa Prop.,https://www.zillow.com/homedetails/11502-N-Boulevard-St-Tampa-FL-33612/45033953_zpid/,https://www.zillow.com/tampa-fl/2_p/?searchQueryState=%7B%22mapBounds%22%3A%7B%22north%22%3A28.251997629918986%2C%22east%22%3A-82.04297984082032%2C%22south%22%3A27.736641988574366%2C%22west%22%3A-82.8655811591797%7D%2C%22isMapVisible%22%3Atrue%2C%22filterState%22%3A%7B%22sort%22%3A%7B%22value%22%3A%22globalrelevanceex%22%7D%2C%22ah%22%3A%7B%22value%22%3Atrue%7D%2C%22price%22%3A%7B%22min%22%3A200000%2C%22max%22%3A400000%7D%2C%22mp%22%3A%7B%22min%22%3A1007%2C%22max%22%3A2013%7D%7D%2C%22isListVisible%22%3Atrue%2C%22regionSelection%22%3A%5B%7B%22regionId%22%3A41176%2C%22regionType%22%3A6%7D%5D%2C%22pagination%22%3A%7B%22currentPage%22%3A2%7D%7D
31,45075924,FOR_SALE,House for sale,,269900,1329,203,275400,207,2189,8728,sqft,3,2,"4702 Barrett Ct, Tampa, FL 33617",4702 Barrett Ct,Tampa,33617,"28,025757","-82,40867",The Shop Real Estate Co.,https://www.zillow.com/homedetails/4702-Barrett-Ct-Tampa-FL-33617/45075924_zpid/,https://www.zillow.com/tampa-fl/2_p/?searchQueryState=%7B%22mapBounds%22%3A%7B%22north%22%3A28.251997629918986%2C%22east%22%3A-82.04297984082032%2C%22south%22%3A27.736641988574366%2C%22west%22%3A-82.8655811591797%7D%2C%22isMapVisible%22%3Atrue%2C%22filterState%22%3A%7B%22sort%22%3A%7B%22value%22%3A%22globalrelevanceex%22%7D%2C%22ah%22%3A%7B%22value%22%3Atrue%7D%2C%22price%22%3A%7B%22min%22%3A200000%2C%22max%22%3A400000%7D%2C%22mp%22%3A%7B%22min%22%3A1007%2C%22max%22%3A2013%7D%7D%2C%22isListVisible%22%3Atrue%2C%22regionSelection%22%3A%5B%7B%22regionId%22%3A41176%2C%22regionType%22%3A6%7D%5D%2C%22pagination%22%3A%7B%22currentPage%22%3A2%7D%7D
32,45100141,FOR_SALE,House for sale,,275000,1312,210,268100,204,2069,4750,sqft,3,2,"2610 E Lake Ave, Tampa, FL 33610",2610 E Lake Ave,Tampa,33610,"27,97802","-82,42976",The Property Pros Real Estate,https://www.zillow.com/homedetails/2610-E-Lake-Ave-Tampa-FL-33610/45100141_zpid/,https://www.zillow.com/tampa-fl/2_p/?searchQueryState=%7B%22mapBounds%22%3A%7B%22north%22%3A28.251997629918986%2C%22east%22%3A-82.04297984082032%2C%22south%22%3A27.736641988574366%2C%22west%22%3A-82.8655811591797%7D%2C%22isMapVisible%22%3Atrue%2C%22filterState%22%3A%7B%22sort%22%3A%7B%22value%22%3A%22globalrelevanceex%22%7D%2C%22ah%22%3A%7B%22value%22%3Atrue%7D%2C%22price%22%3A%7B%22min%22%3A200000%2C%22max%22%3A400000%7D%2C%22mp%22%3A%7B%22min%22%3A1007%2C%22max%22%3A2013%7D%7D%2C%22isListVisible%22%3Atrue%2C%22regionSelection%22%3A%5B%7B%22regionId%22%3A41176%2C%22regionType%22%3A6%7D%5D%2C%22pagination%22%3A%7B%22currentPage%22%3A2%7D%7D
33,45037131,FOR_SALE,House for sale,,209000,572,365,,,,8625,sqft,2,1,"8925 N Lynn Ave, Tampa, FL 33604",8925 N Lynn Ave,Tampa,33604,"28,032606","-82,46388","Lpt Realty, LLC",https://www.zillow.com/homedetails/8925-N-Lynn-Ave-Tampa-FL-33604/45037131_zpid/,https://www.zillow.com/tampa-fl/2_p/?searchQueryState=%7B%22mapBounds%22%3A%7B%22north%22%3A28.251997629918986%2C%22east%22%3A-82.04297984082032%2C%22south%22%3A27.736641988574366%2C%22west%22%3A-82.8655811591797%7D%2C%22isMapVisible%22%3Atrue%2C%22filterState%22%3A%7B%22sort%22%3A%7B%22value%22%3A%22globalrelevanceex%22%7D%2C%22ah%22%3A%7B%22value%22%3Atrue%7D%2C%22price%22%3A%7B%22min%22%3A200000%2C%22max%22%3A400000%7D%2C%22mp%22%3A%7B%22min%22%3A1007%2C%22max%22%3A2013%7D%7D%2C%22isListVisible%22%3Atrue%2C%22regionSelection%22%3A%5B%7B%22regionId%22%3A41176%2C%22regionType%22%3A6%7D%5D%2C%22pagination%22%3A%7B%22currentPage%22%3A2%7D%7D
34,45099643,FOR_SALE,House for sale,,225000,1190,189,,,1800,5200,sqft,3,1,"1405 E Dr Martin Luther King Jr Blvd, Tampa, FL 33603",1405 E Dr Martin Luther King Jr Blvd,Tampa,33603,"27,981247","-82,44359",Realty Hub,https://www.zillow.com/homedetails/1405-E-Dr-Martin-Luther-King-Jr-Blvd-Tampa-FL-33603/45099643_zpid/,https://www.zillow.com/tampa-fl/2_p/?searchQueryState=%7B%22mapBounds%22%3A%7B%22north%22%3A28.251997629918986%2C%22east%22%3A-82.04297984082032%2C%22south%22%3A27.736641988574366%2C%22west%22%3A-82.8655811591797%7D%2C%22isMapVisible%22%3Atrue%2C%22filterState%22%3A%7B%22sort%22%3A%7B%22value%22%3A%22globalrelevanceex%22%7D%2C%22ah%22%3A%7B%22value%22%3Atrue%7D%2C%22price%22%3A%7B%22min%22%3A200000%2C%22max%22%3A400000%7D%2C%22mp%22%3A%7B%22min%22%3A1007%2C%22max%22%3A2013%7D%7D%2C%22isListVisible%22%3Atrue%2C%22regionSelection%22%3A%5B%7B%22regionId%22%3A41176%2C%22regionType%22%3A6%7D%5D%2C%22pagination%22%3A%7B%22currentPage%22%3A2%7D%7D
35,81808613,FOR_SALE,Condo for sale,,249000,1144,218,247300,216,1645,2,sqft,2,2,"17108 Carrington Park Dr APT 713, Tampa, FL 33647",17108 Carrington Park Dr APT 713,Tampa,33647,"28,116825","-82,382416",Dalton Wade Inc,https://www.zillow.com/homedetails/17108-Carrington-Park-Dr-APT-713-Tampa-FL-33647/81808613_zpid/,https://www.zillow.com/tampa-fl/2_p/?searchQueryState=%7B%22mapBounds%22%3A%7B%22north%22%3A28.251997629918986%2C%22east%22%3A-82.04297984082032%2C%22south%22%3A27.736641988574366%2C%22west%22%3A-82.8655811591797%7D%2C%22isMapVisible%22%3Atrue%2C%22filterState%22%3A%7B%22sort%22%3A%7B%22value%22%3A%22globalrelevanceex%22%7D%2C%22ah%22%3A%7B%22value%22%3Atrue%7D%2C%22price%22%3A%7B%22min%22%3A200000%2C%22max%22%3A400000%7D%2C%22mp%22%3A%7B%22min%22%3A1007%2C%22max%22%3A2013%7D%7D%2C%22isListVisible%22%3Atrue%2C%22regionSelection%22%3A%5B%7B%22regionId%22%3A41176%2C%22regionType%22%3A6%7D%5D%2C%22pagination%22%3A%7B%22currentPage%22%3A2%7D%7D
36,64566350,FOR_SALE,Condo for sale,,349990,996,351,349800,351,2404,,,2,1,"4221 W Spruce St APT 1202, Tampa, FL 33607",4221 W Spruce St APT 1202,Tampa,33607,"27,960554","-82,51616",Wendy A Smith,https://www.zillow.com/homedetails/4221-W-Spruce-St-APT-1202-Tampa-FL-33607/64566350_zpid/,https://www.zillow.com/tampa-fl/2_p/?searchQueryState=%7B%22mapBounds%22%3A%7B%22north%22%3A28.251997629918986%2C%22east%22%3A-82.04297984082032%2C%22south%22%3A27.736641988574366%2C%22west%22%3A-82.8655811591797%7D%2C%22isMapVisible%22%3Atrue%2C%22filterState%22%3A%7B%22sort%22%3A%7B%22value%22%3A%22globalrelevanceex%22%7D%2C%22ah%22%3A%7B%22value%22%3Atrue%7D%2C%22price%22%3A%7B%22min%22%3A200000%2C%22max%22%3A400000%7D%2C%22mp%22%3A%7B%22min%22%3A1007%2C%22max%22%3A2013%7D%7D%2C%22isListVisible%22%3Atrue%2C%22regionSelection%22%3A%5B%7B%22regionId%22%3A41176%2C%22regionType%22%3A6%7D%5D%2C%22pagination%22%3A%7B%22currentPage%22%3A2%7D%7D
37,45050613,FOR_SALE,Condo for sale,,359900,948,380,,,,,,2,2,"2314 S Clewis Ct UNIT 102, Tampa, FL 33629",2314 S Clewis Ct UNIT 102,Tampa,33629,"27,925533","-82,486145",Smith \u0026 Associates Real Estate,https://www.zillow.com/homedetails/2314-S-Clewis-Ct-UNIT-102-Tampa-FL-33629/45050613_zpid/,https://www.zillow.com/tampa-fl/2_p/?searchQueryState=%7B%22mapBounds%22%3A%7B%22north%22%3A28.251997629918986%2C%22east%22%3A-82.04297984082032%2C%22south%22%3A27.736641988574366%2C%22west%22%3A-82.8655811591797%7D%2C%22isMapVisible%22%3Atrue%2C%22filterState%22%3A%7B%22sort%22%3A%7B%22value%22%3A%22globalrelevanceex%22%7D%2C%22ah%22%3A%7B%22value%22%3Atrue%7D%2C%22price%22%3A%7B%22min%22%3A200000%2C%22max%22%3A400000%7D%2C%22mp%22%3A%7B%22min%22%3A1007%2C%22max%22%3A2013%7D%7D%2C%22isListVisible%22%3Atrue%2C%22regionSelection%22%3A%5B%7B%22regionId%22%3A41176%2C%22regionType%22%3A6%7D%5D%2C%22pagination%22%3A%7B%22currentPage%22%3A2%7D%7D
38,45099037,FOR_SALE,House for sale,,330000,1092,302,331000,303,1157,6550,sqft,3,2,"1513 E 33rd Ave, Tampa, FL 33610",1513 E 33rd Ave,Tampa,33610,"27,980488","-82,44183",Home Pros Realty LLC,https://www.zillow.com/homedetails/1513-E-33rd-Ave-Tampa-FL-33610/45099037_zpid/,https://www.zillow.com/tampa-fl/2_p/?searchQueryState=%7B%22mapBounds%22%3A%7B%22north%22%3A28.251997629918986%2C%22east%22%3A-82.04297984082032%2C%22south%22%3A27.736641988574366%2C%22west%22%3A-82.8655811591797%7D%2C%22isMapVisible%22%3Atrue%2C%22filterState%22%3A%7B%22sort%22%3A%7B%22value%22%3A%22globalrelevanceex%22%7D%2C%22ah%22%3A%7B%22value%22%3Atrue%7D%2C%22price%22%3A%7B%22min%22%3A200000%2C%22max%22%3A400000%7D%2C%22mp%22%3A%7B%22min%22%3A1007%2C%22max%22%3A2013%7D%7D%2C%22isListVisible%22%3Atrue%2C%22regionSelection%22%3A%5B%7B%22regionId%22%3A41176%2C%22regionType%22%3A6%7D%5D%2C%22pagination%22%3A%7B%22currentPage%22%3A2%7D%7D
39,45079005,FOR_SALE,House for sale,,310000,2077,149,310001,149,2401,9576,sqft,5,3,"9410 N 10th St, Tampa, FL 33612",9410 N 10th St,Tampa,33612,"28,035229","-82,44942",Mcbride Kelly \u0026 Associates,https://www.zillow.com/homedetails/9410-N-10th-St-Tampa-FL-33612/45079005_zpid/,https://www.zillow.com/tampa-fl/2_p/?searchQueryState=%7B%22mapBounds%22%3A%7B%22north%22%3A28.251997629918986%2C%22east%22%3A-82.04297984082032%2C%22south%22%3A27.736641988574366%2C%22west%22%3A-82.8655811591797%7D%2C%22isMapVisible%22%3Atrue%2C%22filterState%22%3A%7B%22sort%22%3A%7B%22value%22%3A%22globalrelevanceex%22%7D%2C%22ah%22%3A%7B%22value%22%3Atrue%7D%2C%22price%22%3A%7B%22min%22%3A200000%2C%22max%22%3A400000%7D%2C%22mp%22%3A%7B%22min%22%3A1007%2C%22max%22%3A2013%7D%7D%2C%22isListVisible%22%3Atrue%2C%22regionSelection%22%3A%5B%7B%22regionId%22%3A41176%2C%22regionType%22%3A6%7D%5D%2C%22pagination%22%3A%7B%22currentPage%22%3A2%7D%7D
40,45073381,FOR_SALE,House for sale,,319000,1214,263,321300,265,2199,7500,sqft,3,2,"4825 Serena Dr, Tampa, FL 33617",4825 Serena Dr,Tampa,33617,"28,043343","-82,404015",Wright Davis Real Estate,https://www.zillow.com/homedetails/4825-Serena-Dr-Tampa-FL-33617/45073381_zpid/,https://www.zillow.com/tampa-fl/2_p/?searchQueryState=%7B%22mapBounds%22%3A%7B%22north%22%3A28.251997629918986%2C%22east%22%3A-82.04297984082032%2C%22south%22%3A27.736641988574366%2C%22west%22%3A-82.8655811591797%7D%2C%22isMapVisible%22%3Atrue%2C%22filterState%22%3A%7B%22sort%22%3A%7B%22value%22%3A%22globalrelevanceex%22%7D%2C%22ah%22%3A%7B%22value%22%3Atrue%7D%2C%22price%22%3A%7B%22min%22%3A200000%2C%22max%22%3A400000%7D%2C%22mp%22%3A%7B%22min%22%3A1007%2C%22max%22%3A2013%7D%7D%2C%22isListVisible%22%3Atrue%2C%22regionSelection%22%3A%5B%7B%22regionId%22%3A41176%2C%22regionType%22%3A6%7D%5D%2C%22pagination%22%3A%7B%22currentPage%22%3A2%7D%7D
41,45077195,FOR_SALE,House for sale,,335000,1243,270,336200,270,1696,8400,sqft,3,2,"10104 N 15th St, Tampa, FL 33612",10104 N 15th St,Tampa,33612,"28,04219","-82,44316",Bay Choice Realty,https://www.zillow.com/homedetails/10104-N-15th-St-Tampa-FL-33612/45077195_zpid/,https://www.zillow.com/tampa-fl/2_p/?searchQueryState=%7B%22mapBounds%22%3A%7B%22north%22%3A28.251997629918986%2C%22east%22%3A-82.04297984082032%2C%22south%22%3A27.736641988574366%2C%22west%22%3A-82.8655811591797%7D%2C%22isMapVisible%22%3Atrue%2C%22filterState%22%3A%7B%22sort%22%3A%7B%22value%22%3A%22globalrelevanceex%22%7D%2C%22ah%22%3A%7B%22value%22%3Atrue%7D%2C%22price%22%3A%7B%22min%22%3A200000%2C%22max%22%3A400000%7D%2C%22mp%22%3A%7B%22min%22%3A1007%2C%22max%22%3A2013%7D%7D%2C%22isListVisible%22%3Atrue%2C%22regionSelection%22%3A%5B%7B%22regionId%22%3A41176%2C%22regionType%22%3A6%7D%5D%2C%22pagination%22%3A%7B%22currentPage%22%3A2%7D%7D
42,45108633,FOR_SALE,House for sale,,329000,1683,195,330100,196,2550,5200,sqft,4,1,"2913 N 18th St, Tampa, FL 33605",2913 N 18th St,Tampa,33605,"27,96936","-82,43901",The Somerday Group Pl,https://www.zillow.com/homedetails/2913-N-18th-St-Tampa-FL-33605/45108633_zpid/,https://www.zillow.com/tampa-fl/2_p/?searchQueryState=%7B%22mapBounds%22%3A%7B%22north%22%3A28.251997629918986%2C%22east%22%3A-82.04297984082032%2C%22south%22%3A27.736641988574366%2C%22west%22%3A-82.8655811591797%7D%2C%22isMapVisible%22%3Atrue%2C%22filterState%22%3A%7B%22sort%22%3A%7B%22value%22%3A%22globalrelevanceex%22%7D%2C%22ah%22%3A%7B%22value%22%3Atrue%7D%2C%22price%22%3A%7B%22min%22%3A200000%2C%22max%22%3A400000%7D%2C%22mp%22%3A%7B%22min%22%3A1007%2C%22max%22%3A2013%7D%7D%2C%22isListVisible%22%3Atrue%2C%22regionSelection%22%3A%5B%7B%22regionId%22%3A41176%2C%22regionType%22%3A6%7D%5D%2C%22pagination%22%3A%7B%22currentPage%22%3A2%7D%7D
43,154921273,FOR_SALE,Townhouse for sale,,244900,1480,165,246300,166,2281,2372,sqft,2,3,"8416 N Jones Ave APT 4, Tampa, FL 33604",8416 N Jones Ave APT 4,Tampa,33604,"28,027054","-82,47832",Agile Group Realty,https://www.zillow.com/homedetails/8416-N-Jones-Ave-APT-4-Tampa-FL-33604/154921273_zpid/,https://www.zillow.com/tampa-fl/2_p/?searchQueryState=%7B%22mapBounds%22%3A%7B%22north%22%3A28.251997629918986%2C%22east%22%3A-82.04297984082032%2C%22south%22%3A27.736641988574366%2C%22west%22%3A-82.8655811591797%7D%2C%22isMapVisible%22%3Atrue%2C%22filterState%22%3A%7B%22sort%22%3A%7B%22value%22%3A%22globalrelevanceex%22%7D%2C%22ah%22%3A%7B%22value%22%3Atrue%7D%2C%22price%22%3A%7B%22min%22%3A200000%2C%22max%22%3A400000%7D%2C%22mp%22%3A%7B%22min%22%3A1007%2C%22max%22%3A2013%7D%7D%2C%22isListVisible%22%3Atrue%2C%22regionSelection%22%3A%5B%7B%22regionId%22%3A41176%2C%22regionType%22%3A6%7D%5D%2C%22pagination%22%3A%7B%22currentPage%22%3A2%7D%7D
44,45074318,FOR_SALE,House for sale,,315000,1443,218,317000,220,2191,6546,sqft,3,2,"2234 E 113th Ave, Tampa, FL 33612",2234 E 113th Ave,Tampa,33612,"28,051035","-82,4311",Realty One Group Skyline,https://www.zillow.com/homedetails/2234-E-113th-Ave-Tampa-FL-33612/45074318_zpid/,https://www.zillow.com/tampa-fl/2_p/?searchQueryState=%7B%22mapBounds%22%3A%7B%22north%22%3A28.251997629918986%2C%22east%22%3A-82.04297984082032%2C%22south%22%3A27.736641988574366%2C%22west%22%3A-82.8655811591797%7D%2C%22isMapVisible%22%3Atrue%2C%22filterState%22%3A%7B%22sort%22%3A%7B%22value%22%3A%22globalrelevanceex%22%7D%2C%22ah%22%3A%7B%22value%22%3Atrue%7D%2C%22price%22%3A%7B%22min%22%3A200000%2C%22max%22%3A400000%7D%2C%22mp%22%3A%7B%22min%22%3A1007%2C%22max%22%3A2013%7D%7D%2C%22isListVisible%22%3Atrue%2C%22regionSelection%22%3A%5B%7B%22regionId%22%3A41176%2C%22regionType%22%3A6%7D%5D%2C%22pagination%22%3A%7B%22currentPage%22%3A2%7D%7D
45,45041072,FOR_SALE,House for sale,,355000,1104,322,357800,324,2440,4680,sqft,2,1,"6701 N Boulevard St, Tampa, FL 33604",6701 N Boulevard St,Tampa,33604,"28,007462","-82,46765",Sandpeak Realty,https://www.zillow.com/homedetails/6701-N-Boulevard-St-Tampa-FL-33604/45041072_zpid/,https://www.zillow.com/tampa-fl/2_p/?searchQueryState=%7B%22mapBounds%22%3A%7B%22north%22%3A28.251997629918986%2C%22east%22%3A-82.04297984082032%2C%22south%22%3A27.736641988574366%2C%22west%22%3A-82.8655811591797%7D%2C%22isMapVisible%22%3Atrue%2C%22filterState%22%3A%7B%22sort%22%3A%7B%22value%22%3A%22globalrelevanceex%22%7D%2C%22ah%22%3A%7B%22value%22%3Atrue%7D%2C%22price%22%3A%7B%22min%22%3A200000%2C%22max%22%3A400000%7D%2C%22mp%22%3A%7B%22min%22%3A1007%2C%22max%22%3A2013%7D%7D%2C%22isListVisible%22%3Atrue%2C%22regionSelection%22%3A%5B%7B%22regionId%22%3A41176%2C%22regionType%22%3A6%7D%5D%2C%22pagination%22%3A%7B%22currentPage%22%3A2%7D%7D
46,82038549,FOR_SALE,Condo for sale,,235000,1032,228,233300,226,1702,2,sqft,2,2,"17108 Carrington Park Dr APT 708, Tampa, FL 33647",17108 Carrington Park Dr APT 708,Tampa,33647,"28,116825","-82,382416",Listwithfreedom.Com,https://www.zillow.com/homedetails/17108-Carrington-Park-Dr-APT-708-Tampa-FL-33647/82038549_zpid/,https://www.zillow.com/tampa-fl/2_p/?searchQueryState=%7B%22mapBounds%22%3A%7B%22north%22%3A28.251997629918986%2C%22east%22%3A-82.04297984082032%2C%22south%22%3A27.736641988574366%2C%22west%22%3A-82.8655811591797%7D%2C%22isMapVisible%22%3Atrue%2C%22filterState%22%3A%7B%22sort%22%3A%7B%22value%22%3A%22globalrelevanceex%22%7D%2C%22ah%22%3A%7B%22value%22%3Atrue%7D%2C%22price%22%3A%7B%22min%22%3A200000%2C%22max%22%3A400000%7D%2C%22mp%22%3A%7B%22min%22%3A1007%2C%22max%22%3A2013%7D%7D%2C%22isListVisible%22%3Atrue%2C%22regionSelection%22%3A%5B%7B%22regionId%22%3A41176%2C%22regionType%22%3A6%7D%5D%2C%22pagination%22%3A%7B%22currentPage%22%3A2%7D%7D
47,82034261,FOR_SALE,Condo for sale,,245000,1405,174,244600,174,1956,1470,sqft,2,3,"5052 Sunridge Palms Dr APT 104, Tampa, FL 33617",5052 Sunridge Palms Dr APT 104,Tampa,33617,"28,060814","-82,40143",Pineywoods Realty LLC,https://www.zillow.com/homedetails/5052-Sunridge-Palms-Dr-APT-104-Tampa-FL-33617/82034261_zpid/,https://www.zillow.com/tampa-fl/2_p/?searchQueryState=%7B%22mapBounds%22%3A%7B%22north%22%3A28.251997629918986%2C%22east%22%3A-82.04297984082032%2C%22south%22%3A27.736641988574366%2C%22west%22%3A-82.8655811591797%7D%2C%22isMapVisible%22%3Atrue%2C%22filterState%22%3A%7B%22sort%22%3A%7B%22value%22%3A%22globalrelevanceex%22%7D%2C%22ah%22%3A%7B%22value%22%3Atrue%7D%2C%22price%22%3A%7B%22min%22%3A200000%2C%22max%22%3A400000%7D%2C%22mp%22%3A%7B%22min%22%3A1007%2C%22max%22%3A2013%7D%7D%2C%22isListVisible%22%3Atrue%2C%22regionSelection%22%3A%5B%7B%22regionId%22%3A41176%2C%22regionType%22%3A6%7D%5D%2C%22pagination%22%3A%7B%22currentPage%22%3A2%7D%7D
48,45085355,FOR_SALE,House for sale,,280000,1000,280,279600,280,1791,6732,sqft,3,1,"4211 E Idlewild Ave, Tampa, FL 33610",4211 E Idlewild Ave,Tampa,33610,"28,000967","-82,41108",Charles Rutenberg Realty Inc,https://www.zillow.com/homedetails/4211-E-Idlewild-Ave-Tampa-FL-33610/45085355_zpid/,https://www.zillow.com/tampa-fl/2_p/?searchQueryState=%7B%22mapBounds%22%3A%7B%22north%22%3A28.251997629918986%2C%22east%22%3A-82.04297984082032%2C%22south%22%3A27.736641988574366%2C%22west%22%3A-82.8655811591797%7D%2C%22isMapVisible%22%3Atrue%2C%22filterState%22%3A%7B%22sort%22%3A%7B%22value%22%3A%22globalrelevanceex%22%7D%2C%22ah%22%3A%7B%22value%22%3Atrue%7D%2C%22price%22%3A%7B%22min%22%3A200000%2C%22max%22%3A400000%7D%2C%22mp%22%3A%7B%22min%22%3A1007%2C%22max%22%3A2013%7D%7D%2C%22isListVisible%22%3Atrue%2C%22regionSelection%22%3A%5B%7B%22regionId%22%3A41176%2C%22regionType%22%3A6%7D%5D%2C%22pagination%22%3A%7B%22currentPage%22%3A2%7D%7D
49,45103154,FOR_SALE,House for sale,,359990,1296,278,338400,261,2850,3135,sqft,3,2,"2334 W Spruce St, Tampa, FL 33607",2334 W Spruce St,Tampa,33607,"27,959154","-82,4844",The Somerday Group Pl,https://www.zillow.com/homedetails/2334-W-Spruce-St-Tampa-FL-33607/45103154_zpid/,https://www.zillow.com/tampa-fl/2_p/?searchQueryState=%7B%22mapBounds%22%3A%7B%22north%22%3A28.251997629918986%2C%22east%22%3A-82.04297984082032%2C%22south%22%3A27.736641988574366%2C%22west%22%3A-82.8655811591797%7D%2C%22isMapVisible%22%3Atrue%2C%22filterState%22%3A%7B%22sort%22%3A%7B%22value%22%3A%22globalrelevanceex%22%7D%2C%22ah%22%3A%7B%22value%22%3Atrue%7D%2C%22price%22%3A%7B%22min%22%3A200000%2C%22max%22%3A400000%7D%2C%22mp%22%3A%7B%22min%22%3A1007%2C%22max%22%3A2013%7D%7D%2C%22isListVisible%22%3Atrue%2C%22regionSelection%22%3A%5B%7B%22regionId%22%3A41176%2C%22regionType%22%3A6%7D%5D%2C%22pagination%22%3A%7B%22currentPage%22%3A2%7D%7D
50,46181212,FOR_SALE,House for sale,,369000,1782,207,371200,208,2395,10459,sqft,4,2,"7360 Briarlyn Ct, Orlando, FL 32818",7360 Briarlyn Ct,Orlando,32818,"28,563187","-81,49097",The Simon Simaan Group,https://www.zillow.com/homedetails/7360-Briarlyn-Ct-Orlando-FL-32818/46181212_zpid/,https://www.zillow.com/orlando-fl/2_p/?searchQueryState=%7B%22mapBounds%22%3A%7B%22north%22%3A28.749822070624422%2C%22east%22%3A-80.8561433408203%2C%22south%22%3A28.236872009882998%2C%22west%22%3A-81.67874465917967%7D%2C%22isMapVisible%22%3Atrue%2C%22filterState%22%3A%7B%22sort%22%3A%7B%22value%22%3A%22globalrelevanceex%22%7D%2C%22ah%22%3A%7B%22value%22%3Atrue%7D%2C%22price%22%3A%7B%22min%22%3A200000%2C%22max%22%3A400000%7D%2C%22mp%22%3A%7B%22min%22%3A1007%2C%22max%22%3A2013%7D%7D%2C%22isListVisible%22%3Atrue%2C%22regionSelection%22%3A%5B%7B%22regionId%22%3A13121%2C%22regionType%22%3A6%7D%5D%2C%22pagination%22%3A%7B%22currentPage%22%3A2%7D%7D
51,46202743,FOR_SALE,House for sale,,290000,1063,273,294000,277,1999,"0,256932966",acres,3,2,"6763 Yucatan Dr, Orlando, FL 32807",6763 Yucatan Dr,Orlando,32807,"28,546295","-81,29268",Keller Williams Realty At The Parks,https://www.zillow.com/homedetails/6763-Yucatan-Dr-Orlando-FL-32807/46202743_zpid/,https://www.zillow.com/orlando-fl/2_p/?searchQueryState=%7B%22mapBounds%22%3A%7B%22north%22%3A28.749822070624422%2C%22east%22%3A-80.8561433408203%2C%22south%22%3A28.236872009882998%2C%22west%22%3A-81.67874465917967%7D%2C%22isMapVisible%22%3Atrue%2C%22filterState%22%3A%7B%22sort%22%3A%7B%22value%22%3A%22globalrelevanceex%22%7D%2C%22ah%22%3A%7B%22value%22%3Atrue%7D%2C%22price%22%3A%7B%22min%22%3A200000%2C%22max%22%3A400000%7D%2C%22mp%22%3A%7B%22min%22%3A1007%2C%22max%22%3A2013%7D%7D%2C%22isListVisible%22%3Atrue%2C%22regionSelection%22%3A%5B%7B%22regionId%22%3A13121%2C%22regionType%22%3A6%7D%5D%2C%22pagination%22%3A%7B%22currentPage%22%3A2%7D%7D
52,46065975,FOR_SALE,House for sale,,350000,1709,205,352800,206,2364,5001,sqft,3,3,"2700 Waymeyer Dr, Orlando, FL 32812",2700 Waymeyer Dr,Orlando,32812,"28,514526","-81,33733",Exp Realty LLC,https://www.zillow.com/homedetails/2700-Waymeyer-Dr-Orlando-FL-32812/46065975_zpid/,https://www.zillow.com/orlando-fl/2_p/?searchQueryState=%7B%22mapBounds%22%3A%7B%22north%22%3A28.749822070624422%2C%22east%22%3A-80.8561433408203%2C%22south%22%3A28.236872009882998%2C%22west%22%3A-81.67874465917967%7D%2C%22isMapVisible%22%3Atrue%2C%22filterState%22%3A%7B%22sort%22%3A%7B%22value%22%3A%22globalrelevanceex%22%7D%2C%22ah%22%3A%7B%22value%22%3Atrue%7D%2C%22price%22%3A%7B%22min%22%3A200000%2C%22max%22%3A400000%7D%2C%22mp%22%3A%7B%22min%22%3A1007%2C%22max%22%3A2013%7D%7D%2C%22isListVisible%22%3Atrue%2C%22regionSelection%22%3A%5B%7B%22regionId%22%3A13121%2C%22regionType%22%3A6%7D%5D%2C%22pagination%22%3A%7B%22currentPage%22%3A2%7D%7D
53,46173334,FOR_SALE,House for sale,,400000,2232,179,403500,181,2646,8250,sqft,4,3,"1507 Lamplighter Way, Orlando, FL 32818",1507 Lamplighter Way,Orlando,32818,"28,563244","-81,49273",Keller Williams Advantage Iii Realty,https://www.zillow.com/homedetails/1507-Lamplighter-Way-Orlando-FL-32818/46173334_zpid/,https://www.zillow.com/orlando-fl/2_p/?searchQueryState=%7B%22mapBounds%22%3A%7B%22north%22%3A28.749822070624422%2C%22east%22%3A-80.8561433408203%2C%22south%22%3A28.236872009882998%2C%22west%22%3A-81.67874465917967%7D%2C%22isMapVisible%22%3Atrue%2C%22filterState%22%3A%7B%22sort%22%3A%7B%22value%22%3A%22globalrelevanceex%22%7D%2C%22ah%22%3A%7B%22value%22%3Atrue%7D%2C%22price%22%3A%7B%22min%22%3A200000%2C%22max%22%3A400000%7D%2C%22mp%22%3A%7B%22min%22%3A1007%2C%22max%22%3A2013%7D%7D%2C%22isListVisible%22%3Atrue%2C%22regionSelection%22%3A%5B%7B%22regionId%22%3A13121%2C%22regionType%22%3A6%7D%5D%2C%22pagination%22%3A%7B%22currentPage%22%3A2%7D%7D
54,46211048,FOR_SALE,House for sale,,284900,1381,206,289600,210,2194,9000,sqft,3,2,"6624 Beamer Way, Orlando, FL 32807",6624 Beamer Way,Orlando,32807,"28,541283","-81,293045",Jpar Coast To Coast,https://www.zillow.com/homedetails/6624-Beamer-Way-Orlando-FL-32807/46211048_zpid/,https://www.zillow.com/orlando-fl/2_p/?searchQueryState=%7B%22mapBounds%22%3A%7B%22north%22%3A28.749822070624422%2C%22east%22%3A-80.8561433408203%2C%22south%22%3A28.236872009882998%2C%22west%22%3A-81.67874465917967%7D%2C%22isMapVisible%22%3Atrue%2C%22filterState%22%3A%7B%22sort%22%3A%7B%22value%22%3A%22globalrelevanceex%22%7D%2C%22ah%22%3A%7B%22value%22%3Atrue%7D%2C%22price%22%3A%7B%22min%22%3A200000%2C%22max%22%3A400000%7D%2C%22mp%22%3A%7B%22min%22%3A1007%2C%22max%22%3A2013%7D%7D%2C%22isListVisible%22%3Atrue%2C%22regionSelection%22%3A%5B%7B%22regionId%22%3A13121%2C%22regionType%22%3A6%7D%5D%2C%22pagination%22%3A%7B%22currentPage%22%3A2%7D%7D
55,46070788,FOR_SALE,House for sale,,314000,870,361,314900,362,1628,"0,2631772268",acres,2,1,"1605 Jessamine Ave, Orlando, FL 32806",1605 Jessamine Ave,Orlando,32806,"28,522524","-81,35034",National Real Estate LLC,https://www.zillow.com/homedetails/1605-Jessamine-Ave-Orlando-FL-32806/46070788_zpid/,https://www.zillow.com/orlando-fl/2_p/?searchQueryState=%7B%22mapBounds%22%3A%7B%22north%22%3A28.749822070624422%2C%22east%22%3A-80.8561433408203%2C%22south%22%3A28.236872009882998%2C%22west%22%3A-81.67874465917967%7D%2C%22isMapVisible%22%3Atrue%2C%22filterState%22%3A%7B%22sort%22%3A%7B%22value%22%3A%22globalrelevanceex%22%7D%2C%22ah%22%3A%7B%22value%22%3Atrue%7D%2C%22price%22%3A%7B%22min%22%3A200000%2C%22max%22%3A400000%7D%2C%22mp%22%3A%7B%22min%22%3A1007%2C%22max%22%3A2013%7D%7D%2C%22isListVisible%22%3Atrue%2C%22regionSelection%22%3A%5B%7B%22regionId%22%3A13121%2C%22regionType%22%3A6%7D%5D%2C%22pagination%22%3A%7B%22currentPage%22%3A2%7D%7D
56,46145992,FOR_SALE,Foreclosure,,387000,1876,206,388100,207,2540,"0,9312672176",acres,2,2,"1700 Lake Downey Dr, Orlando, FL 32825",1700 Lake Downey Dr,Orlando,32825,"28,567825","-81,23946",Creegan Group,https://www.zillow.com/homedetails/1700-Lake-Downey-Dr-Orlando-FL-32825/46145992_zpid/,https://www.zillow.com/orlando-fl/2_p/?searchQueryState=%7B%22mapBounds%22%3A%7B%22north%22%3A28.749822070624422%2C%22east%22%3A-80.8561433408203%2C%22south%22%3A28.236872009882998%2C%22west%22%3A-81.67874465917967%7D%2C%22isMapVisible%22%3Atrue%2C%22filterState%22%3A%7B%22sort%22%3A%7B%22value%22%3A%22globalrelevanceex%22%7D%2C%22ah%22%3A%7B%22value%22%3Atrue%7D%2C%22price%22%3A%7B%22min%22%3A200000%2C%22max%22%3A400000%7D%2C%22mp%22%3A%7B%22min%22%3A1007%2C%22max%22%3A2013%7D%7D%2C%22isListVisible%22%3Atrue%2C%22regionSelection%22%3A%5B%7B%22regionId%22%3A13121%2C%22regionType%22%3A6%7D%5D%2C%22pagination%22%3A%7B%22currentPage%22%3A2%7D%7D
57,46076797,FOR_SALE,House for sale,,363000,1224,297,364700,298,2098,6116,sqft,3,1,"1720 Melvin Ave, Orlando, FL 32806",1720 Melvin Ave,Orlando,32806,"28,504608","-81,3571",Keller Williams Advantage Iii Realty,https://www.zillow.com/homedetails/1720-Melvin-Ave-Orlando-FL-32806/46076797_zpid/,https://www.zillow.com/orlando-fl/2_p/?searchQueryState=%7B%22mapBounds%22%3A%7B%22north%22%3A28.749822070624422%2C%22east%22%3A-80.8561433408203%2C%22south%22%3A28.236872009882998%2C%22west%22%3A-81.67874465917967%7D%2C%22isMapVisible%22%3Atrue%2C%22filterState%22%3A%7B%22sort%22%3A%7B%22value%22%3A%22globalrelevanceex%22%7D%2C%22ah%22%3A%7B%22value%22%3Atrue%7D%2C%22price%22%3A%7B%22min%22%3A200000%2C%22max%22%3A400000%7D%2C%22mp%22%3A%7B%22min%22%3A1007%2C%22max%22%3A2013%7D%7D%2C%22isListVisible%22%3Atrue%2C%22regionSelection%22%3A%5B%7B%22regionId%22%3A13121%2C%22regionType%22%3A6%7D%5D%2C%22pagination%22%3A%7B%22currentPage%22%3A2%7D%7D
58,71083671,FOR_SALE,Condo for sale,,268000,1147,234,267700,233,1867,"1,3512",acres,2,2,"911 N Orange Ave APT 427, Orlando, FL 32801",911 N Orange Ave APT 427,Orlando,32801,"28,557755","-81,37849",Keller Williams Legacy Realty,https://www.zillow.com/homedetails/911-N-Orange-Ave-APT-427-Orlando-FL-32801/71083671_zpid/,https://www.zillow.com/orlando-fl/2_p/?searchQueryState=%7B%22mapBounds%22%3A%7B%22north%22%3A28.749822070624422%2C%22east%22%3A-80.8561433408203%2C%22south%22%3A28.236872009882998%2C%22west%22%3A-81.67874465917967%7D%2C%22isMapVisible%22%3Atrue%2C%22filterState%22%3A%7B%22sort%22%3A%7B%22value%22%3A%22globalrelevanceex%22%7D%2C%22ah%22%3A%7B%22value%22%3Atrue%7D%2C%22price%22%3A%7B%22min%22%3A200000%2C%22max%22%3A400000%7D%2C%22mp%22%3A%7B%22min%22%3A1007%2C%22max%22%3A2013%7D%7D%2C%22isListVisible%22%3Atrue%2C%22regionSelection%22%3A%5B%7B%22regionId%22%3A13121%2C%22regionType%22%3A6%7D%5D%2C%22pagination%22%3A%7B%22currentPage%22%3A2%7D%7D
59,46167532,FOR_SALE,House for sale,,384900,1107,348,389200,352,2005,7478,sqft,3,2,"5357 Sunrise Blvd, Orlando, FL 32803",5357 Sunrise Blvd,Orlando,32803,"28,56426","-81,31674",Florida Fantasy Real Estate Inc,https://www.zillow.com/homedetails/5357-Sunrise-Blvd-Orlando-FL-32803/46167532_zpid/,https://www.zillow.com/orlando-fl/2_p/?searchQueryState=%7B%22mapBounds%22%3A%7B%22north%22%3A28.749822070624422%2C%22east%22%3A-80.8561433408203%2C%22south%22%3A28.236872009882998%2C%22west%22%3A-81.67874465917967%7D%2C%22isMapVisible%22%3Atrue%2C%22filterState%22%3A%7B%22sort%22%3A%7B%22value%22%3A%22globalrelevanceex%22%7D%2C%22ah%22%3A%7B%22value%22%3Atrue%7D%2C%22price%22%3A%7B%22min%22%3A200000%2C%22max%22%3A400000%7D%2C%22mp%22%3A%7B%22min%22%3A1007%2C%22max%22%3A2013%7D%7D%2C%22isListVisible%22%3Atrue%2C%22regionSelection%22%3A%5B%7B%22regionId%22%3A13121%2C%22regionType%22%3A6%7D%5D%2C%22pagination%22%3A%7B%22currentPage%22%3A2%7D%7D
60,46232838,FOR_SALE,House for sale,,285000,1045,273,285000,273,1794,6817,sqft,3,2,"5282 Lanette St, Orlando, FL 32811",5282 Lanette St,Orlando,32811,"28,52452","-81,44992",United Realty Group Inc,https://www.zillow.com/homedetails/5282-Lanette-St-Orlando-FL-32811/46232838_zpid/,https://www.zillow.com/orlando-fl/2_p/?searchQueryState=%7B%22mapBounds%22%3A%7B%22north%22%3A28.749822070624422%2C%22east%22%3A-80.8561433408203%2C%22south%22%3A28.236872009882998%2C%22west%22%3A-81.67874465917967%7D%2C%22isMapVisible%22%3Atrue%2C%22filterState%22%3A%7B%22sort%22%3A%7B%22value%22%3A%22globalrelevanceex%22%7D%2C%22ah%22%3A%7B%22value%22%3Atrue%7D%2C%22price%22%3A%7B%22min%22%3A200000%2C%22max%22%3A400000%7D%2C%22mp%22%3A%7B%22min%22%3A1007%2C%22max%22%3A2013%7D%7D%2C%22isListVisible%22%3Atrue%2C%22regionSelection%22%3A%5B%7B%22regionId%22%3A13121%2C%22regionType%22%3A6%7D%5D%2C%22pagination%22%3A%7B%22currentPage%22%3A2%7D%7D
61,46229630,FOR_SALE,Condo for sale,,269900,1162,232,270000,232,2005,4685,sqft,3,2,"13414 Fairway Glen Dr APT 104, Orlando, FL 32824",13414 Fairway Glen Dr APT 104,Orlando,32824,"28,371107","-81,3513",Homestead Realty Inc,https://www.zillow.com/homedetails/13414-Fairway-Glen-Dr-APT-104-Orlando-FL-32824/46229630_zpid/,https://www.zillow.com/orlando-fl/2_p/?searchQueryState=%7B%22mapBounds%22%3A%7B%22north%22%3A28.749822070624422%2C%22east%22%3A-80.8561433408203%2C%22south%22%3A28.236872009882998%2C%22west%22%3A-81.67874465917967%7D%2C%22isMapVisible%22%3Atrue%2C%22filterState%22%3A%7B%22sort%22%3A%7B%22value%22%3A%22globalrelevanceex%22%7D%2C%22ah%22%3A%7B%22value%22%3Atrue%7D%2C%22price%22%3A%7B%22min%22%3A200000%2C%22max%22%3A400000%7D%2C%22mp%22%3A%7B%22min%22%3A1007%2C%22max%22%3A2013%7D%7D%2C%22isListVisible%22%3Atrue%2C%22regionSelection%22%3A%5B%7B%22regionId%22%3A13121%2C%22regionType%22%3A6%7D%5D%2C%22pagination%22%3A%7B%22currentPage%22%3A2%7D%7D
62,71084280,FOR_SALE,House for sale,,225000,838,268,224500,268,1464,6748,sqft,2,2,"1329 41st St, Orlando, FL 32839",1329 41st St,Orlando,32839,"28,502047","-81,39774",Investor's Real Estate LLC,https://www.zillow.com/homedetails/1329-41st-St-Orlando-FL-32839/71084280_zpid/,https://www.zillow.com/orlando-fl/2_p/?searchQueryState=%7B%22mapBounds%22%3A%7B%22north%22%3A28.749822070624422%2C%22east%22%3A-80.8561433408203%2C%22south%22%3A28.236872009882998%2C%22west%22%3A-81.67874465917967%7D%2C%22isMapVisible%22%3Atrue%2C%22filterState%22%3A%7B%22sort%22%3A%7B%22value%22%3A%22globalrelevanceex%22%7D%2C%22ah%22%3A%7B%22value%22%3Atrue%7D%2C%22price%22%3A%7B%22min%22%3A200000%2C%22max%22%3A400000%7D%2C%22mp%22%3A%7B%22min%22%3A1007%2C%22max%22%3A2013%7D%7D%2C%22isListVisible%22%3Atrue%2C%22regionSelection%22%3A%5B%7B%22regionId%22%3A13121%2C%22regionType%22%3A6%7D%5D%2C%22pagination%22%3A%7B%22currentPage%22%3A2%7D%7D
63,46242556,FOR_SALE,House for sale,,300000,1140,263,289982,254,2194,4251,sqft,3,2,"1225 Creekbottom Cir, Orlando, FL 32825",1225 Creekbottom Cir,Orlando,32825,"28,527721","-81,24127",Maxim Realty Orlando,https://www.zillow.com/homedetails/1225-Creekbottom-Cir-Orlando-FL-32825/46242556_zpid/,https://www.zillow.com/orlando-fl/2_p/?searchQueryState=%7B%22mapBounds%22%3A%7B%22north%22%3A28.749822070624422%2C%22east%22%3A-80.8561433408203%2C%22south%22%3A28.236872009882998%2C%22west%22%3A-81.67874465917967%7D%2C%22isMapVisible%22%3Atrue%2C%22filterState%22%3A%7B%22sort%22%3A%7B%22value%22%3A%22globalrelevanceex%22%7D%2C%22ah%22%3A%7B%22value%22%3Atrue%7D%2C%22price%22%3A%7B%22min%22%3A200000%2C%22max%22%3A400000%7D%2C%22mp%22%3A%7B%22min%22%3A1007%2C%22max%22%3A2013%7D%7D%2C%22isListVisible%22%3Atrue%2C%22regionSelection%22%3A%5B%7B%22regionId%22%3A13121%2C%22regionType%22%3A6%7D%5D%2C%22pagination%22%3A%7B%22currentPage%22%3A2%7D%7D
64,46147200,FOR_SALE,Townhouse for sale,,319000,1228,260,318400,259,1900,5115,sqft,2,3,"4907 Walden Cir #35, Orlando, FL 32811",4907 Walden Cir #35,Orlando,32811,"28,48808","-81,44321",Global Alliance Realty Inc,https://www.zillow.com/homedetails/4907-Walden-Cir-35-Orlando-FL-32811/46147200_zpid/,https://www.zillow.com/orlando-fl/2_p/?searchQueryState=%7B%22mapBounds%22%3A%7B%22north%22%3A28.749822070624422%2C%22east%22%3A-80.8561433408203%2C%22south%22%3A28.236872009882998%2C%22west%22%3A-81.67874465917967%7D%2C%22isMapVisible%22%3Atrue%2C%22filterState%22%3A%7B%22sort%22%3A%7B%22value%22%3A%22globalrelevanceex%22%7D%2C%22ah%22%3A%7B%22value%22%3Atrue%7D%2C%22price%22%3A%7B%22min%22%3A200000%2C%22max%22%3A400000%7D%2C%22mp%22%3A%7B%22min%22%3A1007%2C%22max%22%3A2013%7D%7D%2C%22isListVisible%22%3Atrue%2C%22regionSelection%22%3A%5B%7B%22regionId%22%3A13121%2C%22regionType%22%3A6%7D%5D%2C%22pagination%22%3A%7B%22currentPage%22%3A2%7D%7D
65,71069055,FOR_SALE,Townhouse for sale,,329000,1312,251,330100,252,1917,1680,sqft,3,3,"16249 Old Ash Loop, Orlando, FL 32828",16249 Old Ash Loop,Orlando,32828,"28,53004","-81,14352",Exp Realty LLC,https://www.zillow.com/homedetails/16249-Old-Ash-Loop-Orlando-FL-32828/71069055_zpid/,https://www.zillow.com/orlando-fl/2_p/?searchQueryState=%7B%22mapBounds%22%3A%7B%22north%22%3A28.749822070624422%2C%22east%22%3A-80.8561433408203%2C%22south%22%3A28.236872009882998%2C%22west%22%3A-81.67874465917967%7D%2C%22isMapVisible%22%3Atrue%2C%22filterState%22%3A%7B%22sort%22%3A%7B%22value%22%3A%22globalrelevanceex%22%7D%2C%22ah%22%3A%7B%22value%22%3Atrue%7D%2C%22price%22%3A%7B%22min%22%3A200000%2C%22max%22%3A400000%7D%2C%22mp%22%3A%7B%22min%22%3A1007%2C%22max%22%3A2013%7D%7D%2C%22isListVisible%22%3Atrue%2C%22regionSelection%22%3A%5B%7B%22regionId%22%3A13121%2C%22regionType%22%3A6%7D%5D%2C%22pagination%22%3A%7B%22currentPage%22%3A2%7D%7D
66,62638002,FOR_SALE,Condo for sale,,250000,1408,178,250200,178,2092,"0,346671258",acres,3,2,"3224 Dante Dr UNIT 209, Orlando, FL 32835",3224 Dante Dr UNIT 209,Orlando,32835,"28,508623","-81,46688",Alpha Leader Realty LLC,https://www.zillow.com/homedetails/3224-Dante-Dr-UNIT-209-Orlando-FL-32835/62638002_zpid/,https://www.zillow.com/orlando-fl/2_p/?searchQueryState=%7B%22mapBounds%22%3A%7B%22north%22%3A28.749822070624422%2C%22east%22%3A-80.8561433408203%2C%22south%22%3A28.236872009882998%2C%22west%22%3A-81.67874465917967%7D%2C%22isMapVisible%22%3Atrue%2C%22filterState%22%3A%7B%22sort%22%3A%7B%22value%22%3A%22globalrelevanceex%22%7D%2C%22ah%22%3A%7B%22value%22%3Atrue%7D%2C%22price%22%3A%7B%22min%22%3A200000%2C%22max%22%3A400000%7D%2C%22mp%22%3A%7B%22min%22%3A1007%2C%22max%22%3A2013%7D%7D%2C%22isListVisible%22%3Atrue%2C%22regionSelection%22%3A%5B%7B%22regionId%22%3A13121%2C%22regionType%22%3A6%7D%5D%2C%22pagination%22%3A%7B%22currentPage%22%3A2%7D%7D
67,46034293,FOR_SALE,House for sale,,359900,1252,287,,,,7024,sqft,3,1,"2009 S Osceola Ave, Orlando, FL 32806",2009 S Osceola Ave,Orlando,32806,"28,51899","-81,37026","Lpt Realty, LLC",https://www.zillow.com/homedetails/2009-S-Osceola-Ave-Orlando-FL-32806/46034293_zpid/,https://www.zillow.com/orlando-fl/2_p/?searchQueryState=%7B%22mapBounds%22%3A%7B%22north%22%3A28.749822070624422%2C%22east%22%3A-80.8561433408203%2C%22south%22%3A28.236872009882998%2C%22west%22%3A-81.67874465917967%7D%2C%22isMapVisible%22%3Atrue%2C%22filterState%22%3A%7B%22sort%22%3A%7B%22value%22%3A%22globalrelevanceex%22%7D%2C%22ah%22%3A%7B%22value%22%3Atrue%7D%2C%22price%22%3A%7B%22min%22%3A200000%2C%22max%22%3A400000%7D%2C%22mp%22%3A%7B%22min%22%3A1007%2C%22max%22%3A2013%7D%7D%2C%22isListVisible%22%3Atrue%2C%22regionSelection%22%3A%5B%7B%22regionId%22%3A13121%2C%22regionType%22%3A6%7D%5D%2C%22pagination%22%3A%7B%22currentPage%22%3A2%7D%7D
68,46056150,FOR_SALE,Condo for sale,,200000,889,225,198900,224,1599,9086,sqft,2,2,"2960 S Semoran Blvd APT 1501, Orlando, FL 32822",2960 S Semoran Blvd APT 1501,Orlando,32822,"28,51319","-81,31411",La Rosa Realty Lake Nona Inc,https://www.zillow.com/homedetails/2960-S-Semoran-Blvd-APT-1501-Orlando-FL-32822/46056150_zpid/,https://www.zillow.com/orlando-fl/2_p/?searchQueryState=%7B%22mapBounds%22%3A%7B%22north%22%3A28.749822070624422%2C%22east%22%3A-80.8561433408203%2C%22south%22%3A28.236872009882998%2C%22west%22%3A-81.67874465917967%7D%2C%22isMapVisible%22%3Atrue%2C%22filterState%22%3A%7B%22sort%22%3A%7B%22value%22%3A%22globalrelevanceex%22%7D%2C%22ah%22%3A%7B%22value%22%3Atrue%7D%2C%22price%22%3A%7B%22min%22%3A200000%2C%22max%22%3A400000%7D%2C%22mp%22%3A%7B%22min%22%3A1007%2C%22max%22%3A2013%7D%7D%2C%22isListVisible%22%3Atrue%2C%22regionSelection%22%3A%5B%7B%22regionId%22%3A13121%2C%22regionType%22%3A6%7D%5D%2C%22pagination%22%3A%7B%22currentPage%22%3A2%7D%7D
69,71075309,FOR_SALE,Condo for sale,,295000,1202,245,295900,246,2031,6417,sqft,3,2,"9141 Lee Vista Blvd APT 308, Orlando, FL 32829",9141 Lee Vista Blvd APT 308,Orlando,32829,"28,475851","-81,25927",Property Outlet International,https://www.zillow.com/homedetails/9141-Lee-Vista-Blvd-APT-308-Orlando-FL-32829/71075309_zpid/,https://www.zillow.com/orlando-fl/2_p/?searchQueryState=%7B%22mapBounds%22%3A%7B%22north%22%3A28.749822070624422%2C%22east%22%3A-80.8561433408203%2C%22south%22%3A28.236872009882998%2C%22west%22%3A-81.67874465917967%7D%2C%22isMapVisible%22%3Atrue%2C%22filterState%22%3A%7B%22sort%22%3A%7B%22value%22%3A%22globalrelevanceex%22%7D%2C%22ah%22%3A%7B%22value%22%3Atrue%7D%2C%22price%22%3A%7B%22min%22%3A200000%2C%22max%22%3A400000%7D%2C%22mp%22%3A%7B%22min%22%3A1007%2C%22max%22%3A2013%7D%7D%2C%22isListVisible%22%3Atrue%2C%22regionSelection%22%3A%5B%7B%22regionId%22%3A13121%2C%22regionType%22%3A6%7D%5D%2C%22pagination%22%3A%7B%22currentPage%22%3A2%7D%7D
70,71078778,FOR_SALE,Condo for sale,,225000,1387,162,225300,162,2100,"0,2711202938",acres,3,2,"3250 Corona Village Way APT 308, Orlando, FL 32835",3250 Corona Village Way APT 308,Orlando,32835,"28,508577","-81,47571",Charles Rutenberg Realty Orlando,https://www.zillow.com/homedetails/3250-Corona-Village-Way-APT-308-Orlando-FL-32835/71078778_zpid/,https://www.zillow.com/orlando-fl/2_p/?searchQueryState=%7B%22mapBounds%22%3A%7B%22north%22%3A28.749822070624422%2C%22east%22%3A-80.8561433408203%2C%22south%22%3A28.236872009882998%2C%22west%22%3A-81.67874465917967%7D%2C%22isMapVisible%22%3Atrue%2C%22filterState%22%3A%7B%22sort%22%3A%7B%22value%22%3A%22globalrelevanceex%22%7D%2C%22ah%22%3A%7B%22value%22%3Atrue%7D%2C%22price%22%3A%7B%22min%22%3A200000%2C%22max%22%3A400000%7D%2C%22mp%22%3A%7B%22min%22%3A1007%2C%22max%22%3A2013%7D%7D%2C%22isListVisible%22%3Atrue%2C%22regionSelection%22%3A%5B%7B%22regionId%22%3A13121%2C%22regionType%22%3A6%7D%5D%2C%22pagination%22%3A%7B%22currentPage%22%3A2%7D%7D
71,82098876,FOR_SALE,Townhouse for sale,,399000,1983,201,,,,2728,sqft,5,3,"13249 Silver Strand Falls Dr, Orlando, FL 32824",13249 Silver Strand Falls Dr,Orlando,32824,"28,372637","-81,32738",Dennis Realty \u0026 Inv. Corp.,https://www.zillow.com/homedetails/13249-Silver-Strand-Falls-Dr-Orlando-FL-32824/82098876_zpid/,https://www.zillow.com/orlando-fl/2_p/?searchQueryState=%7B%22mapBounds%22%3A%7B%22north%22%3A28.749822070624422%2C%22east%22%3A-80.8561433408203%2C%22south%22%3A28.236872009882998%2C%22west%22%3A-81.67874465917967%7D%2C%22isMapVisible%22%3Atrue%2C%22filterState%22%3A%7B%22sort%22%3A%7B%22value%22%3A%22globalrelevanceex%22%7D%2C%22ah%22%3A%7B%22value%22%3Atrue%7D%2C%22price%22%3A%7B%22min%22%3A200000%2C%22max%22%3A400000%7D%2C%22mp%22%3A%7B%22min%22%3A1007%2C%22max%22%3A2013%7D%7D%2C%22isListVisible%22%3Atrue%2C%22regionSelection%22%3A%5B%7B%22regionId%22%3A13121%2C%22regionType%22%3A6%7D%5D%2C%22pagination%22%3A%7B%22currentPage%22%3A2%7D%7D
72,46217106,FOR_SALE,House for sale,,289000,1360,213,282668,208,1802,6098,sqft,3,2,"2836 W Arlington St, Orlando, FL 32805",2836 W Arlington St,Orlando,32805,"28,550339","-81,4156",Properties In Town,https://www.zillow.com/homedetails/2836-W-Arlington-St-Orlando-FL-32805/46217106_zpid/,https://www.zillow.com/orlando-fl/2_p/?searchQueryState=%7B%22mapBounds%22%3A%7B%22north%22%3A28.749822070624422%2C%22east%22%3A-80.8561433408203%2C%22south%22%3A28.236872009882998%2C%22west%22%3A-81.67874465917967%7D%2C%22isMapVisible%22%3Atrue%2C%22filterState%22%3A%7B%22sort%22%3A%7B%22value%22%3A%22globalrelevanceex%22%7D%2C%22ah%22%3A%7B%22value%22%3Atrue%7D%2C%22price%22%3A%7B%22min%22%3A200000%2C%22max%22%3A400000%7D%2C%22mp%22%3A%7B%22min%22%3A1007%2C%22max%22%3A2013%7D%7D%2C%22isListVisible%22%3Atrue%2C%22regionSelection%22%3A%5B%7B%22regionId%22%3A13121%2C%22regionType%22%3A6%7D%5D%2C%22pagination%22%3A%7B%22currentPage%22%3A2%7D%7D
73,46197459,FOR_SALE,Foreclosure,,273800,1604,171,,,,9150,sqft,4,2,"100 S Palermo Ave, Orlando, FL 32825",100 S Palermo Ave,Orlando,32825,"28,542236","-81,26896",Bhhs Results Realty,https://www.zillow.com/homedetails/100-S-Palermo-Ave-Orlando-FL-32825/46197459_zpid/,https://www.zillow.com/orlando-fl/2_p/?searchQueryState=%7B%22mapBounds%22%3A%7B%22north%22%3A28.749822070624422%2C%22east%22%3A-80.8561433408203%2C%22south%22%3A28.236872009882998%2C%22west%22%3A-81.67874465917967%7D%2C%22isMapVisible%22%3Atrue%2C%22filterState%22%3A%7B%22sort%22%3A%7B%22value%22%3A%22globalrelevanceex%22%7D%2C%22ah%22%3A%7B%22value%22%3Atrue%7D%2C%22price%22%3A%7B%22min%22%3A200000%2C%22max%22%3A400000%7D%2C%22mp%22%3A%7B%22min%22%3A1007%2C%22max%22%3A2013%7D%7D%2C%22isListVisible%22%3Atrue%2C%22regionSelection%22%3A%5B%7B%22regionId%22%3A13121%2C%22regionType%22%3A6%7D%5D%2C%22pagination%22%3A%7B%22currentPage%22%3A2%7D%7D
74,82080536,FOR_SALE,Condo for sale,,319000,772,413,,,,3668,sqft,1,1,"155 Court Ave #2813, Orlando, FL 32801",155 Court Ave #2813,Orlando,32801,"28,54132","-81,37801",Fathom Realty Fl LLC,https://www.zillow.com/homedetails/155-Court-Ave-2813-Orlando-FL-32801/82080536_zpid/,https://www.zillow.com/orlando-fl/2_p/?searchQueryState=%7B%22mapBounds%22%3A%7B%22north%22%3A28.749822070624422%2C%22east%22%3A-80.8561433408203%2C%22south%22%3A28.236872009882998%2C%22west%22%3A-81.67874465917967%7D%2C%22isMapVisible%22%3Atrue%2C%22filterState%22%3A%7B%22sort%22%3A%7B%22value%22%3A%22globalrelevanceex%22%7D%2C%22ah%22%3A%7B%22value%22%3Atrue%7D%2C%22price%22%3A%7B%22min%22%3A200000%2C%22max%22%3A400000%7D%2C%22mp%22%3A%7B%22min%22%3A1007%2C%22max%22%3A2013%7D%7D%2C%22isListVisible%22%3Atrue%2C%22regionSelection%22%3A%5B%7B%22regionId%22%3A13121%2C%22regionType%22%3A6%7D%5D%2C%22pagination%22%3A%7B%22currentPage%22%3A2%7D%7D